{"type":"FeatureCollection","features":[{"type":"Feature","properties":{"name":"United States of America","iso":"USA"},"geometry":{"type":"MultiPolygon","coordinates":[[[[-132.7,56.5],[-132.8,56.5],[-132.9,56.5],[-132.9,56.5],[-132.9,56.6],[-132.9,56.6],[-132.9,56.6],[-132.9,56.7],[-132.8,56.8],[-132.7,56.7],[-132.6,56.6],[-132.6,56.6],[-132.6,56.6],[-132.7,56.5],[-132.7,56.5]]],[[[-132.8,56.2],[-132.8,56.2],[-132.9,56.3],[-133.0,56.3],[-133.0,56.4],[-133.0,56.4],[-132.9,56.4],[-132.9,56.5],[-132.7,56.4],[-132.6,56.4],[-132.6,56.4],[-132.6,56.4],[-132.7,56.4],[-132.7,56.3],[-132.6,56.3],[-132.7,56.3],[-132.8,56.2]]],[[[-134.3,58.2],[-134.3,58.2],[-134.5,58.2],[-134.6,58.2],[-134.7,58.3],[-134.6,58.3],[-134.5,58.3],[-134.4,58.3],[-134.3,58.2]]],[[[-145.1,60.3],[-145.2,60.3],[-145.2,60.3],[-145.3,60.3],[-145.1,60.4],[-145.1,60.4],[-145.1,60.3]]],[[[-144.6,59.8],[-144.6,59.8],[-144.5,59.9],[-144.4,60.0],[-144.4,60.0],[-144.2,60.0],[-144.2,60.0],[-144.4,59.9],[-144.6,59.8]]],[[[-148.0,60.1],[-148.1,60.0],[-148.3,60.1],[-148.2,60.1],[-148.1,60.2],[-147.9,60.1],[-148.0,60.1]]],[[[-152.0,60.4],[-152.1,60.4],[-152.0,60.4],[-152.0,60.5],[-151.9,60.5],[-151.9,60.5],[-152.0,60.4],[-152.0,60.4]]],[[[-160.3,55.3],[-160.3,55.3],[-160.5,55.3],[-160.5,55.3],[-160.5,55.4],[-160.4,55.4],[-160.3,55.3]]],[[[-159.4,55.0],[-159.4,55.0],[-159.4,55.0],[-159.5,55.0],[-159.5,55.1],[-159.4,55.0],[-159.4,55.0],[-159.4,55.0]]],[[[-159.5,55.2],[-159.5,55.1],[-159.5,55.1],[-159.6,55.1],[-159.6,55.1],[-159.6,55.1],[-159.6,55.1],[-159.6,55.1],[-159.6,55.1],[-159.6,55.2],[-159.6,55.2],[-159.6,55.2],[-159.5,55.2],[-159.5,55.2]]],[[[-166.2,53.7],[-166.2,53.7],[-166.2,53.7],[-166.3,53.8],[-166.2,53.8],[-166.2,53.8],[-166.2,53.8],[-166.1,53.8],[-166.1,53.8],[-166.1,53.8],[-166.2,53.8],[-166.2,53.7]]],[[[-176.0,51.8],[-176.1,51.8],[-176.2,51.8],[-176.2,51.9],[-176.1,51.8],[-176.0,51.8]]],[[[-166.1,66.2],[-166.1,66.2],[-166.1,66.2],[-166.0,66.3],[-165.8,66.3],[-165.8,66.3],[-165.9,66.3],[-166.1,66.2]]],[[[-171.5,63.6],[-171.4,63.6],[-171.3,63.6],[-171.2,63.6],[-171.0,63.6],[-170.9,63.6],[-170.7,63.7],[-170.6,63.7],[-170.4,63.7],[-170.3,63.7],[-170.2,63.6],[-170.1,63.6],[-170.1,63.6],[-170.1,63.5],[-170.0,63.5],[-169.8,63.4],[-169.6,63.4],[-169.6,63.4],[-169.6,63.4],[-169.4,63.3],[-169.3,63.4],[-169.2,63.3],[-169.0,63.3],[-168.7,63.3],[-168.8,63.2],[-168.9,63.2],[-169.1,63.2],[-169.4,63.2],[-169.5,63.1],[-169.6,63.1],[-169.6,63.0],[-169.6,63.0],[-169.7,63.0],[-169.7,63.0],[-169.8,63.1],[-169.8,63.1],[-169.9,63.1],[-170.0,63.2],[-170.1,63.2],[-170.2,63.2],[-170.2,63.2],[-170.3,63.3],[-170.3,63.3],[-170.4,63.3],[-170.5,63.4],[-170.8,63.4],[-171.0,63.5],[-171.1,63.4],[-171.2,63.4],[-171.3,63.4],[-171.4,63.3],[-171.5,63.3],[-171.6,63.4],[-171.7,63.4],[-171.8,63.4],[-171.8,63.5],[-171.8,63.5],[-171.8,63.6],[-171.7,63.7],[-171.6,63.7],[-171.5,63.6]]],[[[-166.1,60.4],[-166.0,60.3],[-166.0,60.3],[-165.8,60.3],[-165.8,60.3],[-165.7,60.3],[-165.7,60.3],[-165.7,60.2],[-165.7,60.2],[-165.7,60.1],[-165.7,60.1],[-165.6,60.0],[-165.6,60.0],[-165.6,59.9],[-165.8,59.9],[-165.9,59.9],[-166.1,59.8],[-166.1,59.8],[-166.1,59.8],[-166.1,59.8],[-166.2,59.8],[-166.3,59.8],[-166.3,59.8],[-166.6,59.9],[-167.0,60.0],[-167.1,60.0],[-167.3,60.1],[-167.4,60.2],[-167.3,60.2],[-167.3,60.2],[-166.8,60.2],[-166.8,60.3],[-166.7,60.3],[-166.6,60.3],[-166.5,60.4],[-166.4,60.4],[-166.4,60.4],[-166.2,60.4],[-166.2,60.4],[-166.1,60.4]]],[[[-152.9,57.8],[-152.9,57.8],[-152.9,57.8],[-152.7,57.8],[-152.6,57.8],[-152.5,57.9],[-152.4,57.8],[-152.4,57.8],[-152.4,57.8],[-152.5,57.7],[-152.5,57.7],[-152.4,57.6],[-152.2,57.6],[-152.2,57.6],[-152.2,57.6],[-152.3,57.5],[-152.4,57.5],[-152.4,57.5],[-152.6,57.5],[-152.8,57.5],[-152.9,57.5],[-152.9,57.5],[-153.0,57.5],[-153.0,57.5],[-152.8,57.5],[-152.7,57.4],[-152.7,57.4],[-152.7,57.3],[-152.7,57.3],[-152.8,57.3],[-152.9,57.3],[-153.0,57.3],[-153.1,57.2],[-153.3,57.2],[-153.4,57.2],[-153.5,57.1],[-153.5,57.1],[-153.6,57.1],[-153.7,57.1],[-153.6,57.0],[-153.6,57.0],[-153.6,57.0],[-153.6,57.0],[-153.8,56.9],[-154.0,56.8],[-154.0,56.8],[-154.1,56.8],[-154.1,56.8],[-154.1,56.8],[-153.8,57.0],[-153.8,57.0],[-153.9,57.0],[-154.0,57.0],[-154.1,57.0],[-154.1,57.0],[-154.1,57.1],[-154.0,57.1],[-154.0,57.1],[-154.1,57.1],[-154.1,57.1],[-154.2,57.1],[-154.3,57.1],[-154.4,57.1],[-154.4,57.1],[-154.3,57.1],[-154.2,57.1],[-154.2,57.1],[-154.2,57.0],[-154.2,57.0],[-154.2,57.0],[-154.3,56.9],[-154.3,56.9],[-154.5,57.0],[-154.6,57.2],[-154.7,57.3],[-154.7,57.4],[-154.7,57.4],[-154.5,57.6],[-154.4,57.6],[-154.3,57.6],[-154.2,57.7],[-154.1,57.7],[-154.0,57.6],[-154.0,57.6],[-154.0,57.6],[-154.0,57.6],[-153.9,57.5],[-153.9,57.4],[-153.8,57.4],[-153.8,57.3],[-153.7,57.3],[-153.8,57.4],[-153.8,57.4],[-153.8,57.6],[-153.8,57.6],[-153.8,57.6],[-153.7,57.6],[-153.7,57.7],[-153.8,57.7],[-153.9,57.8],[-153.9,57.8],[-153.9,57.8],[-153.8,57.9],[-153.8,57.9],[-153.8,57.9],[-153.7,57.9],[-153.7,57.9],[-153.6,57.8],[-153.5,57.7],[-153.5,57.7],[-153.5,57.7],[-153.4,57.8],[-153.4,57.8],[-153.4,57.8],[-153.3,57.8],[-153.2,57.8],[-153.2,57.8],[-153.2,57.9],[-153.2,57.9],[-153.2,57.9],[-153.2,58.0],[-153.2,58.0],[-152.9,57.9],[-152.9,57.9],[-152.9,57.8]]],[[[-130.0,55.9],[-130.1,55.8],[-130.1,55.8],[-130.1,55.7],[-130.1,55.7],[-130.1,55.6],[-130.1,55.5],[-130.1,55.4],[-130.0,55.3],[-130.0,55.3],[-130.2,55.1],[-130.2,55.1],[-130.2,55.0],[-130.3,54.9],[-130.5,54.8],[-130.6,54.8],[-130.6,54.8],[-130.8,54.8],[-130.9,55.0],[-131.0,55.1],[-131.0,55.2],[-131.0,55.2],[-131.0,55.2],[-130.8,55.3],[-130.7,55.3],[-130.8,55.3],[-130.9,55.4],[-130.9,55.5],[-130.9,55.6],[-130.9,55.6],[-130.9,55.7],[-131.0,55.8],[-131.1,56.0],[-131.1,56.0],[-131.1,56.0],[-131.0,56.1],[-131.3,56.0],[-131.6,55.9],[-131.8,55.9],[-131.8,55.9],[-131.8,55.8],[-131.8,55.8],[-131.8,55.8],[-131.8,55.7],[-131.9,55.6],[-131.9,55.6],[-132.0,55.5],[-132.1,55.6],[-132.2,55.6],[-132.2,55.7],[-132.2,55.8],[-132.2,55.8],[-132.1,55.8],[-132.0,55.9],[-131.8,56.2],[-131.7,56.2],[-131.6,56.2],[-131.8,56.2],[-131.9,56.2],[-131.9,56.3],[-132.0,56.3],[-132.0,56.4],[-132.1,56.4],[-132.2,56.4],[-132.3,56.5],[-132.3,56.5],[-132.3,56.6],[-132.3,56.6],[-132.4,56.6],[-132.4,56.6],[-132.5,56.6],[-132.5,56.8],[-132.6,56.8],[-132.7,56.8],[-132.8,56.9],[-132.8,56.9],[-132.8,57.0],[-132.8,57.0],[-132.8,57.1],[-132.9,57.0],[-133.5,57.2],[-133.4,57.3],[-133.5,57.6],[-133.6,57.6],[-133.6,57.7],[-133.6,57.7],[-133.6,57.7],[-133.3,57.6],[-133.1,57.6],[-133.1,57.6],[-133.4,57.7],[-133.5,57.8],[-133.5,57.8],[-133.5,57.9],[-133.5,57.9],[-133.2,57.9],[-133.2,57.9],[-133.5,57.9],[-133.6,57.9],[-133.6,57.9],[-133.7,57.8],[-133.7,57.8],[-133.7,57.9],[-133.8,57.9],[-133.9,58.0],[-134.0,58.1],[-134.1,58.1],[-134.1,58.2],[-134.0,58.3],[-133.9,58.5],[-133.9,58.5],[-133.9,58.5],[-133.9,58.5],[-133.9,58.5],[-134.0,58.4],[-134.1,58.3],[-134.2,58.2],[-134.3,58.2],[-134.3,58.3],[-134.5,58.4],[-134.7,58.4],[-134.8,58.5],[-134.9,58.6],[-135.0,58.7],[-135.0,58.8],[-135.1,58.8],[-135.1,58.8],[-135.2,59.1],[-135.3,59.2],[-135.4,59.3],[-135.3,59.4],[-135.4,59.4],[-135.4,59.4],[-135.4,59.3],[-135.5,59.3],[-135.4,59.2],[-135.4,59.2],[-135.4,59.2],[-135.5,59.2],[-135.4,59.1],[-135.3,58.9],[-135.3,58.8],[-135.2,58.7],[-135.2,58.6],[-135.2,58.5],[-135.1,58.3],[-135.0,58.3],[-135.1,58.3],[-135.1,58.2],[-135.1,58.2],[-135.3,58.3],[-135.4,58.3],[-135.4,58.4],[-135.6,58.4],[-135.9,58.4],[-135.9,58.4],[-135.9,58.5],[-135.9,58.6],[-135.9,58.6],[-136.0,58.8],[-136.0,58.8],[-135.8,58.9],[-135.9,58.9],[-136.0,58.9],[-136.0,58.9],[-136.1,59.0],[-136.1,59.0],[-136.2,59.0],[-136.2,58.9],[-136.1,58.9],[-136.1,58.9],[-136.1,58.8],[-136.1,58.8],[-136.2,58.8],[-136.2,58.8],[-136.3,58.8],[-136.4,58.8],[-136.5,58.8],[-136.5,58.9],[-136.5,58.9],[-136.6,58.9],[-136.8,59.0],[-137.0,59.0],[-137.0,59.0],[-137.0,59.0],[-136.9,58.9],[-137.0,58.9],[-137.1,58.9],[-137.0,58.9],[-137.0,58.9],[-136.9,58.9],[-136.7,58.9],[-136.6,58.8],[-136.6,58.8],[-136.5,58.8],[-136.5,58.7],[-136.4,58.7],[-136.4,58.7],[-136.5,58.6],[-136.3,58.6],[-136.2,58.6],[-136.1,58.5],[-136.1,58.5],[-136.1,58.4],[-136.1,58.4],[-136.1,58.4],[-136.5,58.3],[-136.6,58.2],[-136.6,58.2],[-136.7,58.3],[-136.9,58.3],[-137.1,58.4],[-137.5,58.6],[-137.6,58.6],[-137.6,58.6],[-137.6,58.6],[-137.7,58.7],[-137.8,58.7],[-137.9,58.8],[-137.9,58.8],[-138.0,58.9],[-138.0,58.9],[-138.2,59.0],[-138.4,59.1],[-138.5,59.1],[-138.5,59.1],[-138.6,59.1],[-138.5,59.2],[-138.5,59.2],[-138.7,59.2],[-138.9,59.2],[-139.3,59.4],[-139.6,59.5],[-139.7,59.5],[-139.8,59.5],[-139.8,59.5],[-139.8,59.6],[-139.7,59.6],[-139.6,59.6],[-139.5,59.7],[-139.5,59.7],[-139.6,59.8],[-139.6,59.8],[-139.6,59.9],[-139.6,59.9],[-139.6,59.9],[-139.5,60.0],[-139.5,60.0],[-139.4,60.0],[-139.3,59.9],[-139.3,59.8],[-139.3,59.7],[-139.3,59.6],[-139.3,59.6],[-139.3,59.7],[-139.3,59.7],[-139.2,59.8],[-139.2,59.8],[-139.2,59.8],[-139.0,59.8],[-139.0,59.8],[-139.2,59.9],[-139.4,60.0],[-139.4,60.0],[-139.5,60.0],[-139.6,60.0],[-139.9,59.8],[-139.9,59.8],[-140.2,59.7],[-140.4,59.7],[-140.6,59.7],[-140.8,59.7],[-141.3,59.9],[-141.4,59.9],[-141.3,60.0],[-141.3,60.0],[-141.3,60.1],[-141.4,60.1],[-141.4,60.1],[-141.4,60.1],[-141.4,60.1],[-141.4,60.0],[-141.4,60.0],[-141.5,60.0],[-141.7,60.0],[-142.1,60.0],[-142.5,60.1],[-142.9,60.1],[-143.5,60.1],[-143.8,60.0],[-144.0,60.0],[-144.1,60.0],[-144.2,60.0],[-144.1,60.1],[-144.1,60.1],[-144.2,60.2],[-144.3,60.2],[-144.5,60.2],[-144.6,60.2],[-144.7,60.2],[-144.7,60.3],[-144.9,60.3],[-144.9,60.3],[-144.9,60.5],[-144.8,60.5],[-144.8,60.6],[-144.7,60.7],[-144.7,60.7],[-144.9,60.6],[-145.0,60.5],[-145.1,60.5],[-145.2,60.4],[-145.2,60.4],[-145.4,60.4],[-145.6,60.4],[-145.7,60.5],[-145.8,60.5],[-145.9,60.5],[-145.8,60.5],[-145.8,60.6],[-145.7,60.6],[-145.7,60.7],[-146.1,60.7],[-146.2,60.7],[-146.2,60.7],[-146.2,60.7],[-146.3,60.7],[-146.3,60.7],[-146.5,60.7],[-146.6,60.7],[-146.5,60.7],[-146.5,60.8],[-146.4,60.8],[-146.5,60.8],[-146.6,60.9],[-146.6,60.9],[-146.6,61.0],[-146.6,61.1],[-146.3,61.1],[-146.4,61.1],[-146.6,61.1],[-146.7,61.1],[-146.9,61.0],[-147.0,61.0],[-147.0,61.0],[-147.1,61.0],[-147.2,61.0],[-147.3,61.0],[-147.3,60.9],[-147.3,60.9],[-147.4,60.9],[-147.4,60.9],[-147.4,61.0],[-147.5,61.0],[-147.6,61.0],[-147.6,61.0],[-147.6,60.9],[-147.7,60.9],[-147.8,60.9],[-147.9,60.9],[-148.0,60.9],[-148.0,61.0],[-148.0,61.0],[-147.8,61.2],[-147.8,61.2],[-147.8,61.2],[-148.0,61.1],[-148.0,61.1],[-148.2,61.1],[-148.2,61.1],[-148.3,61.1],[-148.3,61.1],[-148.4,61.0],[-148.4,61.0],[-148.4,61.0],[-148.3,61.0],[-148.2,61.0],[-148.2,61.0],[-148.3,60.9],[-148.3,60.9],[-148.4,60.8],[-148.5,60.8],[-148.6,60.8],[-148.6,60.8],[-148.4,60.7],[-148.3,60.7],[-148.3,60.7],[-148.3,60.7],[-148.3,60.6],[-148.3,60.6],[-148.3,60.6],[-148.5,60.6],[-148.5,60.6],[-148.6,60.5],[-148.6,60.5],[-148.6,60.5],[-148.5,60.5],[-148.4,60.5],[-148.3,60.5],[-148.2,60.5],[-148.1,60.6],[-148.1,60.6],[-148.0,60.5],[-148.0,60.5],[-148.0,60.5],[-148.0,60.4],[-148.1,60.4],[-148.2,60.4],[-148.2,60.4],[-148.2,60.3],[-148.2,60.3],[-148.2,60.2],[-148.2,60.2],[-148.2,60.1],[-148.3,60.1],[-148.3,60.1],[-148.4,60.0],[-148.5,60.0],[-148.5,60.0],[-148.5,60.0],[-148.6,60.0],[-148.6,60.0],[-148.8,59.9],[-148.8,60.0],[-149.0,60.0],[-149.1,60.0],[-149.1,60.0],[-149.3,60.0],[-149.3,60.0],[-149.4,60.1],[-149.4,60.1],[-149.4,60.0],[-149.5,60.0],[-149.5,59.9],[-149.6,59.8],[-149.6,59.8],[-149.6,59.8],[-149.7,59.9],[-149.7,59.9],[-149.8,59.9],[-149.8,59.8],[-149.8,59.8],[-149.8,59.7],[-150.0,59.8],[-150.0,59.8],[-150.0,59.8],[-150.0,59.7],[-150.0,59.7],[-150.2,59.6],[-150.3,59.6],[-150.3,59.6],[-150.3,59.6],[-150.5,59.5],[-150.5,59.5],[-150.6,59.6],[-150.6,59.6],[-150.6,59.5],[-150.6,59.5],[-150.7,59.4],[-150.9,59.3],[-150.9,59.3],[-150.9,59.2],[-151.0,59.2],[-151.1,59.3],[-151.2,59.3],[-151.2,59.3],[-151.2,59.3],[-151.2,59.2],[-151.2,59.2],[-151.3,59.2],[-151.4,59.2],[-151.5,59.2],[-151.6,59.2],[-151.7,59.2],[-151.9,59.3],[-151.9,59.3],[-152.0,59.3],[-151.9,59.3],[-151.9,59.4],[-151.8,59.4],[-151.7,59.5],[-151.5,59.5],[-151.4,59.5],[-151.3,59.6],[-151.2,59.6],[-151.0,59.8],[-151.1,59.8],[-151.1,59.8],[-151.4,59.7],[-151.5,59.7],[-151.5,59.7],[-151.8,59.7],[-151.8,59.7],[-151.9,59.8],[-151.8,59.9],[-151.7,60.0],[-151.6,60.1],[-151.5,60.2],[-151.4,60.3],[-151.3,60.5],[-151.3,60.6],[-151.4,60.7],[-151.4,60.7],[-151.3,60.7],[-151.0,60.8],[-150.8,60.9],[-150.4,61.0],[-150.3,61.0],[-150.3,61.0],[-150.2,61.0],[-150.1,60.9],[-150.0,60.9],[-149.9,61.0],[-149.6,61.0],[-149.2,60.9],[-149.1,60.9],[-149.1,60.9],[-149.1,60.9],[-149.5,61.0],[-149.6,61.0],[-150.0,61.1],[-150.1,61.2],[-150.0,61.2],[-149.9,61.2],[-149.9,61.2],[-149.9,61.3],[-149.8,61.3],[-149.7,61.4],[-149.6,61.4],[-149.3,61.5],[-149.4,61.5],[-149.6,61.5],[-149.7,61.5],[-149.8,61.4],[-149.9,61.4],[-149.9,61.3],[-150.0,61.3],[-150.1,61.3],[-150.5,61.3],[-150.5,61.3],[-150.6,61.3],[-150.6,61.3],[-150.9,61.2],[-151.1,61.1],[-151.2,61.1],[-151.3,61.0],[-151.5,61.0],[-151.6,61.0],[-151.7,60.9],[-151.8,60.9],[-151.8,60.8],[-151.8,60.8],[-151.8,60.7],[-151.9,60.7],[-152.0,60.7],[-152.3,60.5],[-152.3,60.5],[-152.3,60.5],[-152.3,60.4],[-152.3,60.4],[-152.4,60.3],[-152.5,60.3],[-152.7,60.2],[-152.7,60.2],[-152.8,60.2],[-152.9,60.3],[-153.0,60.3],[-153.0,60.3],[-152.9,60.2],[-152.8,60.2],[-152.7,60.1],[-152.6,60.1],[-152.6,60.0],[-152.7,60.0],[-152.8,59.9],[-152.9,59.9],[-153.1,59.9],[-153.2,59.9],[-153.2,59.8],[-153.0,59.8],[-153.0,59.8],[-153.0,59.7],[-153.1,59.7],[-153.2,59.7],[-153.4,59.7],[-153.4,59.7],[-153.4,59.7],[-153.4,59.7],[-153.4,59.7],[-153.5,59.7],[-153.7,59.6],[-153.7,59.6],[-153.6,59.6],[-153.6,59.6],[-153.7,59.5],[-153.8,59.5],[-153.8,59.5],[-154.1,59.4],[-154.1,59.3],[-154.1,59.2],[-154.2,59.2],[-154.1,59.1],[-153.9,59.1],[-153.8,59.1],[-153.7,59.0],[-153.4,59.0],[-153.3,58.9],[-153.3,58.9],[-153.3,58.9],[-153.4,58.8],[-153.4,58.8],[-153.6,58.7],[-153.7,58.6],[-153.8,58.6],[-153.9,58.6],[-154.0,58.5],[-154.1,58.4],[-154.1,58.4],[-154.1,58.4],[-154.3,58.3],[-154.3,58.3],[-154.2,58.3],[-154.2,58.2],[-154.2,58.2],[-154.3,58.1],[-154.4,58.1],[-154.6,58.1],[-154.6,58.1],[-154.6,58.1],[-155.0,58.0],[-155.1,57.9],[-155.1,57.9],[-155.3,57.8],[-155.4,57.8],[-155.5,57.8],[-155.6,57.7],[-155.6,57.7],[-155.6,57.7],[-155.7,57.6],[-155.8,57.6],[-155.8,57.6],[-156.0,57.5],[-156.0,57.5],[-156.1,57.4],[-156.1,57.4],[-156.2,57.5],[-156.2,57.4],[-156.4,57.4],[-156.5,57.3],[-156.5,57.3],[-156.4,57.3],[-156.4,57.2],[-156.4,57.2],[-156.5,57.1],[-156.5,57.1],[-156.6,57.1],[-156.6,57.0],[-156.7,57.0],[-156.8,57.0],[-156.8,57.0],[-156.9,56.9],[-156.9,56.9],[-157.0,56.9],[-157.1,56.9],[-157.1,56.8],[-157.2,56.8],[-157.3,56.8],[-157.3,56.8],[-157.4,56.8],[-157.4,56.8],[-157.5,56.8],[-157.5,56.7],[-157.6,56.6],[-157.6,56.6],[-157.7,56.6],[-157.8,56.7],[-157.9,56.6],[-158.0,56.6],[-158.1,56.6],[-158.0,56.5],[-157.9,56.5],[-157.9,56.5],[-158.0,56.5],[-158.1,56.5],[-158.1,56.5],[-158.2,56.5],[-158.4,56.5],[-158.4,56.4],[-158.5,56.3],[-158.6,56.3],[-158.5,56.3],[-158.5,56.3],[-158.4,56.3],[-158.3,56.3],[-158.3,56.3],[-158.3,56.2],[-158.3,56.2],[-158.4,56.1],[-158.5,56.1],[-158.5,56.1],[-158.5,56.1],[-158.5,56.2],[-158.6,56.2],[-158.6,56.2],[-158.6,56.2],[-158.7,56.0],[-158.8,56.0],[-159.4,55.8],[-159.5,55.8],[-159.5,55.7],[-159.6,55.7],[-159.6,55.7],[-159.7,55.6],[-159.7,55.6],[-159.7,55.8],[-159.7,55.8],[-159.7,55.8],[-159.8,55.8],[-159.8,55.8],[-159.9,55.8],[-159.9,55.8],[-160.0,55.8],[-160.0,55.8],[-160.2,55.7],[-160.4,55.6],[-160.4,55.6],[-160.5,55.6],[-160.5,55.5],[-160.6,55.5],[-160.6,55.6],[-160.7,55.5],[-160.7,55.5],[-160.8,55.5],[-160.9,55.5],[-161.0,55.5],[-161.0,55.4],[-161.1,55.4],[-161.2,55.4],[-161.4,55.4],[-161.5,55.4],[-161.5,55.4],[-161.5,55.5],[-161.4,55.5],[-161.4,55.5],[-161.4,55.6],[-161.3,55.6],[-161.2,55.5],[-161.2,55.6],[-161.3,55.6],[-161.4,55.6],[-161.5,55.6],[-161.5,55.6],[-161.6,55.6],[-161.7,55.6],[-161.7,55.5],[-161.7,55.4],[-161.7,55.4],[-162.0,55.2],[-162.1,55.1],[-162.2,55.1],[-162.2,55.1],[-162.3,55.1],[-162.3,55.1],[-162.4,55.1],[-162.4,55.1],[-162.5,55.1],[-162.5,55.1],[-162.4,55.1],[-162.4,55.1],[-162.5,55.2],[-162.5,55.2],[-162.6,55.2],[-162.6,55.2],[-162.6,55.1],[-162.6,55.0],[-162.7,55.0],[-162.8,55.0],[-162.9,55.0],[-163.0,55.0],[-163.1,55.1],[-163.1,55.0],[-163.1,55.0],[-163.1,54.9],[-163.2,54.9],[-163.3,54.8],[-163.3,54.8],[-163.3,54.9],[-163.3,54.9],[-163.3,55.0],[-163.3,55.1],[-163.3,55.1],[-163.3,55.1],[-163.1,55.2],[-163.0,55.2],[-163.0,55.2],[-163.0,55.2],[-162.9,55.2],[-162.9,55.2],[-162.9,55.3],[-162.8,55.3],[-162.7,55.4],[-162.5,55.5],[-162.3,55.6],[-162.2,55.7],[-161.9,55.8],[-161.7,55.9],[-161.2,56.0],[-161.2,56.0],[-161.2,56.0],[-161.2,56.0],[-161.1,56.0],[-161.0,56.0],[-160.9,56.0],[-160.9,56.0],[-160.9,55.9],[-161.0,55.9],[-161.0,55.9],[-160.9,55.8],[-160.8,55.8],[-160.8,55.8],[-160.7,55.8],[-160.8,55.9],[-160.7,55.9],[-160.6,55.9],[-160.5,55.9],[-160.5,55.8],[-160.4,55.8],[-160.3,55.8],[-160.3,55.8],[-160.3,55.8],[-160.3,55.9],[-160.5,55.9],[-160.5,56.0],[-160.5,56.0],[-160.5,56.1],[-160.5,56.1],[-160.4,56.2],[-160.3,56.3],[-160.1,56.4],[-160.0,56.4],[-159.8,56.6],[-159.3,56.7],[-159.2,56.8],[-159.0,56.9],[-158.9,56.9],[-158.9,56.8],[-158.9,56.8],[-158.8,56.8],[-158.7,56.8],[-158.7,56.8],[-158.7,56.8],[-158.7,56.9],[-158.7,56.9],[-158.7,57.0],[-158.7,57.0],[-158.6,57.1],[-158.5,57.2],[-158.3,57.3],[-158.2,57.3],[-158.1,57.4],[-158.0,57.4],[-157.9,57.5],[-157.8,57.5],[-157.7,57.5],[-157.7,57.5],[-157.7,57.5],[-157.6,57.5],[-157.5,57.5],[-157.5,57.5],[-157.5,57.5],[-157.5,57.5],[-157.6,57.5],[-157.6,57.6],[-157.7,57.6],[-157.7,57.7],[-157.7,57.7],[-157.6,57.9],[-157.6,58.1],[-157.6,58.1],[-157.4,58.2],[-157.2,58.2],[-157.3,58.2],[-157.4,58.2],[-157.5,58.3],[-157.5,58.4],[-157.5,58.4],[-157.5,58.5],[-157.2,58.6],[-157.0,58.7],[-157.0,58.7],[-157.0,58.8],[-156.9,59.0],[-156.8,59.1],[-157.0,59.0],[-157.1,58.9],[-157.7,58.7],[-158.0,58.6],[-158.2,58.6],[-158.3,58.6],[-158.4,58.7],[-158.4,58.8],[-158.5,58.9],[-158.5,58.9],[-158.4,59.0],[-158.3,59.0],[-158.2,59.0],[-158.1,59.0],[-158.2,59.0],[-158.4,59.1],[-158.5,59.1],[-158.6,59.0],[-158.7,58.9],[-158.8,59.0],[-158.8,59.0],[-158.8,58.9],[-158.8,58.8],[-158.9,58.7],[-158.8,58.5],[-158.8,58.4],[-159.0,58.4],[-159.1,58.5],[-159.4,58.7],[-159.5,58.8],[-159.7,58.9],[-159.7,58.9],[-159.8,58.8],[-159.9,58.8],[-160.2,58.9],[-160.3,59.0],[-160.4,59.1],[-160.5,59.0],[-160.7,59.0],[-160.8,58.9],[-160.9,58.9],[-161.2,58.8],[-161.2,58.8],[-161.3,58.8],[-161.3,58.7],[-161.4,58.7],[-161.8,58.6],[-162.1,58.6],[-162.0,58.7],[-161.9,58.7],[-161.7,58.8],[-161.8,58.9],[-161.8,58.9],[-161.8,59.0],[-161.6,59.1],[-161.8,59.1],[-161.9,59.1],[-162.0,59.1],[-162.0,59.3],[-161.9,59.4],[-161.9,59.4],[-161.8,59.5],[-161.8,59.6],[-161.9,59.7],[-162.1,60.0],[-162.2,60.2],[-162.4,60.3],[-162.3,60.5],[-162.1,60.6],[-161.9,60.7],[-162.0,60.7],[-162.1,60.7],[-162.1,60.7],[-162.2,60.6],[-162.3,60.6],[-162.5,60.4],[-162.6,60.3],[-162.7,60.3],[-162.5,60.2],[-162.5,60.2],[-162.5,60.1],[-162.5,60.0],[-162.6,60.0],[-162.7,60.0],[-162.9,59.9],[-163.2,59.8],[-163.7,59.8],[-163.9,59.8],[-164.1,59.9],[-164.1,59.9],[-164.1,60.0],[-164.5,60.1],[-164.7,60.3],[-164.8,60.3],[-164.9,60.3],[-165.1,60.4],[-165.0,60.5],[-165.0,60.5],[-165.1,60.5],[-165.2,60.5],[-165.4,60.5],[-165.0,60.7],[-164.9,60.9],[-164.8,60.9],[-164.7,60.9],[-164.5,60.8],[-164.4,60.8],[-164.3,60.8],[-164.3,60.7],[-164.3,60.6],[-164.4,60.6],[-164.3,60.6],[-164.1,60.7],[-164.0,60.8],[-163.9,60.8],[-163.9,60.7],[-163.8,60.7],[-163.7,60.6],[-163.5,60.7],[-163.4,60.8],[-163.5,60.8],[-163.6,60.8],[-163.9,60.9],[-163.8,60.9],[-163.7,60.9],[-163.6,60.9],[-163.7,60.9],[-163.7,61.0],[-164.0,60.9],[-164.4,60.9],[-164.8,60.9],[-165.1,60.9],[-165.1,60.9],[-165.2,61.0],[-165.0,61.0],[-164.9,61.1],[-164.9,61.1],[-164.9,61.1],[-165.1,61.1],[-165.1,61.1],[-165.1,61.2],[-165.2,61.2],[-165.2,61.2],[-165.3,61.2],[-165.3,61.2],[-165.3,61.2],[-165.2,61.3],[-165.3,61.3],[-165.3,61.3],[-165.4,61.2],[-165.4,61.2],[-165.4,61.1],[-165.5,61.1],[-165.6,61.1],[-165.6,61.2],[-165.7,61.3],[-165.9,61.3],[-165.9,61.4],[-165.8,61.5],[-165.8,61.5],[-166.0,61.6],[-166.1,61.5],[-166.2,61.5],[-166.2,61.6],[-166.2,61.7],[-166.1,61.7],[-166.1,61.6],[-165.8,61.7],[-165.8,61.7],[-166.0,61.7],[-166.1,61.8],[-166.0,61.8],[-165.8,61.8],[-165.6,61.9],[-165.7,61.9],[-165.7,62.0],[-165.7,62.0],[-165.7,62.1],[-165.4,62.3],[-165.2,62.5],[-165.1,62.5],[-165.0,62.5],[-164.9,62.5],[-164.8,62.5],[-164.8,62.5],[-164.8,62.5],[-164.8,62.6],[-164.7,62.6],[-164.6,62.7],[-164.6,62.7],[-164.7,62.7],[-164.8,62.6],[-164.8,62.7],[-164.8,62.8],[-164.8,62.9],[-164.8,63.0],[-164.7,63.0],[-164.4,63.0],[-164.4,63.0],[-164.4,63.1],[-164.5,63.1],[-164.5,63.2],[-164.4,63.2],[-164.1,63.3],[-163.9,63.2],[-163.7,63.2],[-163.6,63.1],[-163.6,63.1],[-163.7,63.1],[-163.7,63.0],[-163.7,63.0],[-163.7,63.0],[-163.6,63.1],[-163.5,63.1],[-163.4,63.1],[-163.4,63.0],[-163.3,63.0],[-163.1,63.1],[-162.9,63.1],[-162.8,63.2],[-162.6,63.3],[-162.4,63.5],[-162.3,63.5],[-162.2,63.5],[-162.1,63.5],[-162.1,63.5],[-162.0,63.5],[-161.5,63.5],[-161.3,63.5],[-161.1,63.6],[-160.9,63.7],[-160.8,63.7],[-160.8,63.8],[-160.8,63.9],[-160.9,64.0],[-161.0,64.3],[-161.2,64.4],[-161.4,64.4],[-161.5,64.4],[-161.4,64.5],[-161.2,64.5],[-161.0,64.5],[-160.9,64.6],[-160.9,64.6],[-160.8,64.7],[-160.9,64.8],[-160.9,64.8],[-161.0,64.8],[-161.1,64.9],[-161.1,64.9],[-161.2,64.9],[-161.5,64.8],[-161.6,64.8],[-161.8,64.8],[-161.9,64.7],[-162.2,64.7],[-162.3,64.6],[-162.6,64.5],[-162.7,64.4],[-162.8,64.4],[-162.9,64.5],[-163.2,64.7],[-163.3,64.6],[-163.2,64.6],[-163.2,64.5],[-163.1,64.5],[-163.1,64.5],[-163.1,64.4],[-163.3,64.5],[-163.5,64.5],[-163.7,64.6],[-164.3,64.6],[-164.7,64.5],[-164.7,64.5],[-164.8,64.5],[-164.8,64.5],[-164.9,64.5],[-164.9,64.5],[-165.0,64.5],[-165.1,64.5],[-165.4,64.5],[-166.1,64.6],[-166.3,64.6],[-166.5,64.7],[-166.5,64.8],[-166.4,64.8],[-166.4,64.9],[-166.6,65.0],[-166.8,65.1],[-166.9,65.2],[-166.9,65.2],[-166.9,65.1],[-166.8,65.1],[-166.5,65.2],[-166.5,65.2],[-166.3,65.3],[-166.1,65.3],[-166.2,65.3],[-166.2,65.3],[-166.6,65.4],[-166.7,65.3],[-167.4,65.4],[-168.0,65.6],[-168.0,65.6],[-168.1,65.7],[-168.0,65.7],[-167.9,65.7],[-167.9,65.7],[-167.9,65.7],[-167.6,65.8],[-167.4,65.9],[-167.1,65.9],[-167.0,65.9],[-166.9,66.0],[-166.7,66.1],[-166.5,66.1],[-166.4,66.1],[-166.2,66.2],[-166.1,66.1],[-166.0,66.1],[-165.7,66.1],[-165.6,66.1],[-165.6,66.1],[-165.6,66.2],[-165.8,66.2],[-165.8,66.3],[-165.8,66.3],[-165.4,66.4],[-165.2,66.4],[-165.1,66.4],[-164.7,66.6],[-164.5,66.6],[-164.1,66.6],[-163.7,66.6],[-163.6,66.6],[-163.8,66.6],[-163.9,66.6],[-163.8,66.6],[-163.8,66.5],[-163.8,66.5],[-163.9,66.4],[-163.9,66.3],[-164.0,66.3],[-164.0,66.2],[-163.7,66.1],[-163.2,66.1],[-162.9,66.1],[-162.7,66.1],[-162.6,66.1],[-162.2,66.1],[-161.9,66.0],[-161.8,66.1],[-161.6,66.3],[-161.5,66.3],[-161.3,66.2],[-161.2,66.2],[-161.1,66.2],[-161.0,66.2],[-161.1,66.3],[-161.1,66.3],[-161.5,66.4],[-161.8,66.4],[-161.9,66.4],[-161.9,66.5],[-162.2,66.7],[-162.3,66.7],[-162.5,66.7],[-162.5,66.8],[-162.6,66.9],[-162.5,66.9],[-162.4,66.9],[-162.3,66.9],[-162.1,66.8],[-162.0,66.8],[-162.1,66.7],[-161.9,66.6],[-161.6,66.5],[-161.3,66.5],[-161.2,66.5],[-161.0,66.5],[-160.8,66.4],[-160.7,66.4],[-160.2,66.4],[-160.2,66.5],[-160.3,66.6],[-160.4,66.6],[-160.6,66.6],[-160.9,66.7],[-161.1,66.7],[-161.4,66.6],[-161.6,66.6],[-161.7,66.6],[-161.9,66.7],[-161.9,66.8],[-161.7,66.9],[-161.6,67.0],[-161.7,67.0],[-162.0,67.0],[-162.4,67.0],[-162.4,67.1],[-162.4,67.1],[-162.6,67.0],[-162.8,67.0],[-163.0,67.0],[-163.5,67.1],[-163.7,67.2],[-163.8,67.3],[-163.9,67.5],[-164.1,67.6],[-165.4,68.0],[-166.0,68.2],[-166.2,68.3],[-166.4,68.3],[-166.6,68.3],[-166.8,68.4],[-166.6,68.4],[-166.5,68.4],[-166.6,68.4],[-166.6,68.4],[-166.4,68.4],[-166.4,68.4],[-166.3,68.6],[-166.2,68.8],[-166.2,68.9],[-165.5,68.9],[-165.0,68.9],[-164.9,68.9],[-164.3,68.9],[-164.2,69.0],[-163.9,69.0],[-163.5,69.2],[-163.3,69.3],[-163.2,69.4],[-163.2,69.4],[-163.2,69.4],[-163.1,69.5],[-163.1,69.6],[-163.0,69.8],[-162.4,70.1],[-162.1,70.2],[-162.0,70.3],[-161.9,70.3],[-161.8,70.3],[-161.8,70.3],[-161.8,70.3],[-161.8,70.2],[-161.9,70.2],[-162.0,70.2],[-162.1,70.2],[-162.0,70.2],[-161.8,70.2],[-161.6,70.2],[-161.0,70.3],[-160.6,70.4],[-160.6,70.4],[-160.1,70.6],[-160.0,70.6],[-160.0,70.6],[-160.1,70.5],[-160.0,70.4],[-160.1,70.3],[-159.9,70.3],[-159.9,70.3],[-159.9,70.3],[-159.9,70.4],[-159.8,70.5],[-159.8,70.5],[-159.7,70.5],[-159.4,70.5],[-159.7,70.5],[-160.0,70.6],[-160.1,70.6],[-159.7,70.8],[-159.3,70.9],[-159.2,70.9],[-159.2,70.9],[-159.2,70.8],[-159.3,70.8],[-159.3,70.8],[-159.3,70.8],[-159.3,70.7],[-159.1,70.8],[-159.0,70.8],[-158.6,70.8],[-158.5,70.8],[-158.5,70.8],[-158.0,70.8],[-157.9,70.9],[-157.6,70.9],[-157.3,71.0],[-157.2,71.1],[-157.0,71.2],[-156.8,71.3],[-156.5,71.4],[-156.4,71.4],[-156.5,71.4],[-156.6,71.3],[-156.5,71.3],[-155.8,71.2],[-155.6,71.2],[-155.6,71.1],[-155.6,71.1],[-155.8,71.0],[-156.1,70.9],[-156.0,70.9],[-156.0,70.8],[-155.9,70.8],[-155.7,70.9],[-155.6,70.9],[-155.3,71.0],[-155.2,71.1],[-155.2,71.1],[-154.9,71.1],[-154.8,71.0],[-154.7,71.0],[-154.7,70.9],[-154.8,70.9],[-154.6,70.8],[-154.4,70.8],[-154.2,70.8],[-153.9,70.9],[-153.7,70.9],[-153.5,70.9],[-153.2,70.9],[-152.8,70.9],[-152.7,70.9],[-152.5,70.9],[-152.3,70.8],[-152.2,70.8],[-152.4,70.7],[-152.5,70.7],[-152.4,70.6],[-152.3,70.6],[-152.3,70.6],[-152.2,70.6],[-151.8,70.6],[-151.8,70.5],[-151.8,70.5],[-151.9,70.5],[-151.2,70.4],[-151.1,70.5],[-151.0,70.5],[-150.7,70.5],[-150.5,70.5],[-150.4,70.4],[-150.3,70.4],[-150.2,70.4],[-149.9,70.5],[-149.5,70.5],[-149.4,70.5],[-149.3,70.5],[-148.8,70.4],[-148.7,70.4],[-148.5,70.3],[-148.4,70.3],[-148.2,70.4],[-148.1,70.4],[-148.0,70.3],[-147.9,70.3],[-147.8,70.2],[-147.7,70.2],[-147.1,70.2],[-146.7,70.2],[-146.3,70.2],[-146.1,70.2],[-145.8,70.2],[-145.4,70.1],[-145.2,70.0],[-145.2,70.0],[-144.6,70.0],[-144.4,70.0],[-144.1,70.1],[-143.7,70.1],[-143.6,70.1],[-143.4,70.1],[-143.3,70.1],[-143.2,70.1],[-142.7,70.0],[-142.4,69.9],[-142.3,69.9],[-141.7,69.8],[-141.5,69.7],[-141.4,69.7],[-141.3,69.6],[-141.3,69.7],[-141.1,69.7],[-141.0,69.7],[-141.0,69.4],[-141.0,69.1],[-141.0,68.8],[-141.0,68.5],[-141.0,68.2],[-141.0,67.9],[-141.0,67.6],[-141.0,67.3],[-141.0,67.0],[-141.0,66.7],[-141.0,66.4],[-141.0,66.1],[-141.0,65.9],[-141.0,65.6],[-141.0,65.3],[-141.0,65.0],[-141.0,64.7],[-141.0,64.4],[-141.0,64.1],[-141.0,63.8],[-141.0,63.5],[-141.0,63.2],[-141.0,62.9],[-141.0,62.6],[-141.0,62.3],[-141.0,62.1],[-141.0,61.8],[-141.0,61.5],[-141.0,61.2],[-141.0,60.9],[-141.0,60.6],[-141.0,60.3],[-140.8,60.3],[-140.5,60.2],[-140.5,60.3],[-140.2,60.2],[-140.0,60.2],[-139.8,60.3],[-139.7,60.3],[-139.5,60.3],[-139.2,60.3],[-139.1,60.3],[-139.1,60.3],[-139.1,60.2],[-139.2,60.1],[-139.0,60.0],[-138.9,59.9],[-138.7,59.9],[-138.6,59.8],[-138.5,59.7],[-138.3,59.6],[-138.2,59.5],[-138.0,59.4],[-137.9,59.4],[-137.7,59.3],[-137.6,59.2],[-137.5,59.1],[-137.5,59.0],[-137.5,58.9],[-137.4,58.9],[-137.3,59.0],[-137.1,59.0],[-136.9,59.1],[-136.8,59.2],[-136.6,59.2],[-136.5,59.3],[-136.5,59.5],[-136.3,59.5],[-136.3,59.5],[-136.2,59.5],[-136.3,59.6],[-136.1,59.6],[-135.9,59.7],[-135.7,59.7],[-135.5,59.8],[-135.4,59.7],[-135.3,59.7],[-135.1,59.6],[-135.0,59.6],[-135.1,59.5],[-135.1,59.4],[-134.9,59.3],[-134.9,59.3],[-134.8,59.2],[-134.7,59.2],[-134.6,59.2],[-134.4,59.1],[-134.4,59.1],[-134.4,59.0],[-134.4,59.0],[-134.3,58.9],[-134.3,58.9],[-134.2,58.8],[-134.1,58.8],[-134.0,58.8],[-133.8,58.7],[-133.7,58.6],[-133.5,58.5],[-133.4,58.4],[-133.4,58.3],[-133.3,58.2],[-133.1,58.1],[-133.0,57.9],[-132.9,57.9],[-132.8,57.8],[-132.7,57.6],[-132.6,57.5],[-132.4,57.4],[-132.3,57.3],[-132.2,57.2],[-132.3,57.1],[-132.3,57.1],[-132.2,57.0],[-132.0,57.0],[-132.1,57.0],[-132.1,56.9],[-132.0,56.8],[-131.9,56.8],[-131.9,56.7],[-131.8,56.7],[-131.8,56.6],[-131.7,56.6],[-131.6,56.6],[-131.5,56.6],[-131.3,56.5],[-131.2,56.4],[-131.1,56.4],[-130.9,56.4],[-130.7,56.3],[-130.6,56.3],[-130.5,56.2],[-130.4,56.1],[-130.2,56.1],[-130.1,56.1],[-130.1,56.1],[-130.0,56.0],[-130.0,56.0],[-130.0,55.9]]],[[[-163.5,55.0],[-163.4,54.8],[-163.3,54.8],[-163.3,54.8],[-163.2,54.7],[-163.1,54.7],[-163.1,54.7],[-163.1,54.7],[-163.4,54.7],[-163.5,54.6],[-163.6,54.6],[-164.1,54.6],[-164.2,54.6],[-164.2,54.6],[-164.3,54.5],[-164.4,54.4],[-164.5,54.4],[-164.6,54.4],[-164.7,54.4],[-164.8,54.4],[-164.9,54.5],[-164.9,54.5],[-164.9,54.6],[-164.9,54.6],[-164.8,54.7],[-164.7,54.7],[-164.5,54.9],[-164.5,54.9],[-164.4,54.9],[-164.3,54.9],[-164.1,55.0],[-163.9,55.0],[-163.8,55.0],[-163.6,55.1],[-163.6,55.0],[-163.5,55.0],[-163.5,55.0]]],[[[-133.3,55.5],[-133.3,55.5],[-133.3,55.5],[-133.4,55.4],[-133.4,55.4],[-133.5,55.4],[-133.5,55.4],[-133.5,55.3],[-133.7,55.3],[-133.6,55.4],[-133.7,55.5],[-133.6,55.5],[-133.6,55.5],[-133.5,55.5],[-133.3,55.6],[-133.3,55.5]]],[[[-131.3,55.1],[-131.2,54.9],[-131.2,54.9],[-131.3,54.9],[-131.4,54.9],[-131.4,54.9],[-131.5,54.9],[-131.4,55.0],[-131.5,55.0],[-131.5,55.0],[-131.6,55.0],[-131.6,55.1],[-131.6,55.1],[-131.6,55.2],[-131.6,55.2],[-131.6,55.3],[-131.5,55.3],[-131.4,55.2],[-131.3,55.1]]],[[[-132.1,56.1],[-132.1,55.9],[-132.2,56.0],[-132.2,56.0],[-132.3,55.9],[-132.4,55.9],[-132.4,56.0],[-132.4,56.0],[-132.4,56.0],[-132.5,56.1],[-132.6,56.1],[-132.7,56.1],[-132.7,56.1],[-132.7,56.2],[-132.7,56.2],[-132.6,56.2],[-132.5,56.3],[-132.5,56.3],[-132.4,56.5],[-132.3,56.5],[-132.2,56.4],[-132.1,56.2],[-132.1,56.1]]],[[[-131.0,55.5],[-131.0,55.4],[-131.1,55.3],[-131.2,55.2],[-131.3,55.2],[-131.3,55.3],[-131.4,55.3],[-131.4,55.3],[-131.5,55.3],[-131.4,55.4],[-131.4,55.4],[-131.5,55.4],[-131.5,55.3],[-131.6,55.3],[-131.7,55.2],[-131.8,55.2],[-131.8,55.2],[-131.8,55.4],[-131.8,55.4],[-131.8,55.5],[-131.6,55.6],[-131.6,55.8],[-131.3,56.0],[-131.2,55.9],[-131.1,55.9],[-131.0,55.7],[-131.0,55.7],[-131.0,55.6],[-131.0,55.5]]],[[[-133.4,57.0],[-133.3,57.0],[-133.3,57.0],[-133.2,57.0],[-133.1,57.0],[-133.0,56.9],[-133.0,56.9],[-133.0,56.9],[-133.0,56.8],[-133.0,56.7],[-133.0,56.7],[-133.0,56.6],[-133.0,56.6],[-133.0,56.6],[-133.1,56.7],[-133.2,56.8],[-133.3,56.8],[-133.3,56.8],[-133.3,56.8],[-133.2,56.7],[-133.2,56.7],[-133.2,56.6],[-133.2,56.6],[-133.1,56.6],[-133.1,56.5],[-133.2,56.5],[-133.2,56.5],[-133.2,56.5],[-133.4,56.5],[-133.5,56.5],[-133.6,56.5],[-133.6,56.5],[-133.6,56.5],[-133.7,56.6],[-133.7,56.7],[-133.7,56.8],[-133.8,56.9],[-133.8,56.9],[-133.9,57.0],[-134.0,57.0],[-134.0,57.0],[-133.9,57.1],[-133.7,57.1],[-133.4,57.0]]],[[[-132.9,54.9],[-132.8,54.9],[-132.8,54.9],[-132.8,54.9],[-132.7,54.9],[-132.6,54.9],[-132.6,54.9],[-132.6,54.8],[-132.6,54.8],[-132.7,54.7],[-132.7,54.7],[-132.8,54.7],[-132.9,54.8],[-133.0,54.9],[-133.1,54.9],[-133.1,54.9],[-133.1,55.0],[-133.2,55.1],[-133.3,55.2],[-133.3,55.2],[-133.4,55.2],[-133.5,55.3],[-133.4,55.3],[-133.3,55.3],[-133.1,55.2],[-133.1,55.2],[-133.0,55.1],[-133.0,55.0],[-132.9,55.0],[-132.9,54.9]]],[[[-146.4,60.4],[-146.4,60.4],[-146.2,60.4],[-146.1,60.4],[-146.1,60.4],[-146.1,60.4],[-146.2,60.4],[-146.4,60.3],[-146.6,60.3],[-146.6,60.3],[-146.7,60.3],[-146.7,60.4],[-146.7,60.4],[-146.7,60.4],[-146.7,60.4],[-146.6,60.5],[-146.6,60.5],[-146.4,60.4]]],[[[-147.7,59.8],[-147.8,59.8],[-147.9,59.8],[-147.8,59.9],[-147.8,59.9],[-147.7,60.0],[-147.6,60.0],[-147.5,60.1],[-147.3,60.2],[-147.2,60.3],[-147.2,60.4],[-147.1,60.4],[-147.0,60.3],[-147.0,60.3],[-147.0,60.3],[-147.3,60.1],[-147.3,60.1],[-147.4,60.0],[-147.4,60.0],[-147.4,60.0],[-147.5,59.9],[-147.5,59.9],[-147.5,59.9],[-147.6,59.9],[-147.6,59.9],[-147.7,59.8],[-147.7,59.8]]],[[[-147.7,60.5],[-147.7,60.4],[-147.7,60.4],[-147.7,60.4],[-147.7,60.3],[-147.7,60.2],[-147.8,60.2],[-147.8,60.2],[-147.8,60.2],[-147.8,60.2],[-147.8,60.2],[-147.9,60.2],[-147.9,60.3],[-147.9,60.3],[-147.8,60.4],[-147.8,60.4],[-147.8,60.5],[-147.8,60.5],[-147.8,60.4],[-147.8,60.4],[-147.7,60.4],[-147.7,60.5],[-147.7,60.5],[-147.7,60.5]]],[[[-147.9,60.8],[-148.1,60.8],[-148.1,60.8],[-148.1,60.8],[-148.1,60.9],[-148.1,60.9],[-148.0,60.9],[-148.0,60.9],[-147.9,60.9],[-147.9,60.8]]],[[[-153.0,57.1],[-153.1,57.1],[-153.2,57.1],[-153.2,57.0],[-153.3,57.0],[-153.4,57.1],[-153.4,57.1],[-153.3,57.2],[-152.9,57.2],[-152.9,57.2],[-152.9,57.1],[-152.9,57.1],[-153.0,57.1]]],[[[-152.5,58.5],[-152.5,58.5],[-152.6,58.5],[-152.6,58.5],[-152.6,58.6],[-152.5,58.6],[-152.4,58.6],[-152.4,58.6],[-152.4,58.6],[-152.4,58.6],[-152.4,58.5],[-152.5,58.5]]],[[[-153.2,57.9],[-153.3,57.8],[-153.3,57.8],[-153.4,57.9],[-153.5,57.9],[-153.5,57.9],[-153.5,58.0],[-153.5,58.0],[-153.3,57.9],[-153.3,57.9],[-153.2,57.9]]],[[[-155.6,55.8],[-155.6,55.8],[-155.7,55.8],[-155.7,55.8],[-155.7,55.8],[-155.6,55.9],[-155.6,55.9],[-155.6,55.9],[-155.6,55.9],[-155.6,55.8]]],[[[-154.7,56.4],[-154.8,56.4],[-154.8,56.4],[-154.8,56.4],[-154.8,56.5],[-154.7,56.5],[-154.6,56.6],[-154.5,56.6],[-154.5,56.6],[-154.4,56.6],[-154.5,56.5],[-154.7,56.4]]],[[[-154.2,56.5],[-154.3,56.5],[-154.3,56.5],[-154.3,56.6],[-154.2,56.6],[-154.1,56.6],[-154.1,56.6],[-154.1,56.6],[-154.1,56.5],[-154.1,56.5],[-154.2,56.5]]],[[[-160.7,55.3],[-160.7,55.3],[-160.6,55.3],[-160.6,55.4],[-160.6,55.4],[-160.6,55.4],[-160.6,55.3],[-160.5,55.2],[-160.5,55.2],[-160.5,55.2],[-160.6,55.2],[-160.7,55.2],[-160.8,55.2],[-160.8,55.1],[-160.8,55.2],[-160.8,55.3],[-160.8,55.3],[-160.8,55.4],[-160.7,55.4],[-160.7,55.4],[-160.7,55.4],[-160.7,55.4],[-160.7,55.3]]],[[[-162.3,54.8],[-162.3,54.8],[-162.4,54.9],[-162.4,54.9],[-162.4,54.9],[-162.3,55.0],[-162.3,55.0],[-162.2,55.0],[-162.2,54.9],[-162.3,54.9],[-162.3,54.8]]],[[[-162.6,54.4],[-162.6,54.4],[-162.7,54.4],[-162.8,54.4],[-162.8,54.5],[-162.6,54.5],[-162.6,54.4],[-162.6,54.4]]],[[[-159.9,55.1],[-159.9,55.1],[-160.0,55.1],[-160.0,55.1],[-160.0,55.0],[-160.2,54.9],[-160.2,54.9],[-160.2,55.0],[-160.2,55.0],[-160.2,55.1],[-160.2,55.1],[-160.1,55.1],[-160.1,55.1],[-160.0,55.2],[-160.0,55.2],[-159.9,55.3],[-159.9,55.3],[-159.9,55.3],[-159.9,55.2],[-159.8,55.2],[-159.9,55.1],[-159.9,55.1]]],[[[-165.8,54.1],[-165.9,54.1],[-165.9,54.0],[-165.9,54.1],[-166.0,54.0],[-166.1,54.1],[-166.1,54.1],[-166.1,54.1],[-166.1,54.2],[-166.0,54.2],[-166.0,54.2],[-165.9,54.2],[-165.8,54.2],[-165.7,54.1],[-165.7,54.1],[-165.7,54.1],[-165.8,54.1]]],[[[-165.6,54.1],[-165.6,54.1],[-165.6,54.1],[-165.6,54.2],[-165.7,54.3],[-165.6,54.3],[-165.6,54.3],[-165.5,54.3],[-165.5,54.2],[-165.4,54.2],[-165.4,54.2],[-165.5,54.2],[-165.6,54.1]]],[[[-160.9,58.6],[-161.0,58.6],[-161.1,58.6],[-161.1,58.7],[-161.1,58.7],[-161.0,58.7],[-160.8,58.8],[-160.7,58.8],[-160.9,58.6]]],[[[-172.7,60.5],[-172.5,60.4],[-172.4,60.4],[-172.3,60.3],[-172.2,60.3],[-172.4,60.3],[-172.6,60.3],[-173.0,60.5],[-173.1,60.5],[-173.0,60.6],[-172.9,60.6],[-172.9,60.5],[-172.7,60.5]]],[[[-170.2,57.2],[-170.3,57.1],[-170.4,57.2],[-170.4,57.2],[-170.4,57.2],[-170.1,57.2],[-170.2,57.2]]],[[[-169.7,52.8],[-169.7,52.8],[-169.7,52.8],[-169.9,52.8],[-170.0,52.8],[-170.0,52.8],[-170.0,52.9],[-169.8,52.9],[-169.8,52.9],[-169.7,52.9],[-169.7,52.8]]],[[[-170.7,52.6],[-170.8,52.5],[-170.8,52.6],[-170.8,52.6],[-170.8,52.6],[-170.7,52.7],[-170.6,52.7],[-170.6,52.7],[-170.6,52.6],[-170.6,52.6],[-170.6,52.6],[-170.7,52.6],[-170.7,52.6]]],[[[-172.5,52.3],[-172.5,52.3],[-172.6,52.3],[-172.6,52.3],[-172.5,52.4],[-172.5,52.4],[-172.4,52.4],[-172.3,52.3],[-172.5,52.3]]],[[[-169.8,56.6],[-169.6,56.6],[-169.6,56.6],[-169.5,56.6],[-169.5,56.6],[-169.6,56.5],[-169.6,56.5],[-169.8,56.6],[-169.8,56.6]]],[[[-176.3,51.8],[-176.3,51.7],[-176.4,51.8],[-176.4,51.8],[-176.4,51.9],[-176.3,51.8],[-176.3,51.8]]],[[[-176.0,52.0],[-176.0,52.0],[-176.1,52.0],[-176.2,52.0],[-176.2,52.1],[-176.2,52.1],[-176.1,52.1],[-176.0,52.1],[-176.0,52.0],[-176.0,52.0],[-176.0,52.0]]],[[[-177.1,51.7],[-177.2,51.7],[-177.2,51.7],[-177.4,51.7],[-177.5,51.7],[-177.6,51.7],[-177.7,51.7],[-177.7,51.7],[-177.7,51.7],[-177.3,51.8],[-177.3,51.8],[-177.2,51.8],[-177.2,51.9],[-177.1,51.9],[-177.1,51.9],[-177.1,51.9],[-177.1,51.9],[-177.1,51.8],[-177.1,51.8],[-177.1,51.7]]],[[[178.6,51.9],[178.5,51.9],[178.5,51.9],[178.5,52.0],[178.5,52.0],[178.6,52.0],[178.6,52.0],[178.6,51.9]]],[[[179.5,51.4],[179.3,51.4],[178.9,51.5],[178.7,51.6],[178.6,51.6],[178.7,51.7],[178.9,51.6],[179.1,51.5],[179.2,51.5],[179.3,51.4],[179.4,51.4],[179.5,51.4]]],[[[173.7,52.4],[173.7,52.4],[173.6,52.4],[173.4,52.4],[173.4,52.4],[173.5,52.5],[173.7,52.5],[173.8,52.5],[173.7,52.4],[173.7,52.4]]],[[[-135.0,57.4],[-134.9,57.2],[-134.8,57.2],[-134.8,57.1],[-134.7,56.8],[-134.6,56.8],[-134.6,56.7],[-134.6,56.6],[-134.6,56.6],[-134.7,56.6],[-134.7,56.5],[-134.6,56.4],[-134.6,56.3],[-134.7,56.2],[-134.7,56.2],[-134.8,56.2],[-134.8,56.3],[-134.8,56.3],[-135.0,56.5],[-135.0,56.5],[-135.0,56.6],[-135.0,56.6],[-134.9,56.6],[-134.9,56.7],[-134.9,56.7],[-134.9,56.7],[-135.0,56.7],[-135.1,56.7],[-135.2,56.7],[-135.1,56.8],[-135.2,56.8],[-135.3,56.8],[-135.3,56.8],[-135.3,56.9],[-135.3,56.9],[-135.3,56.9],[-135.2,57.0],[-135.2,57.0],[-135.3,57.0],[-135.3,57.1],[-135.4,57.2],[-135.5,57.2],[-135.5,57.2],[-135.6,57.1],[-135.7,57.0],[-135.8,57.0],[-135.8,57.1],[-135.8,57.1],[-135.8,57.2],[-135.8,57.3],[-135.8,57.3],[-135.7,57.3],[-135.6,57.4],[-135.6,57.4],[-135.6,57.4],[-135.5,57.5],[-135.4,57.5],[-135.3,57.5],[-135.1,57.4],[-135.1,57.4],[-135.0,57.4]]],[[[-134.7,58.2],[-134.4,58.1],[-134.2,58.1],[-134.1,58.0],[-134.0,57.9],[-133.9,57.8],[-133.9,57.7],[-133.8,57.6],[-133.8,57.6],[-133.9,57.7],[-134.0,57.8],[-134.0,57.8],[-134.1,57.8],[-134.1,57.9],[-134.2,58.0],[-134.2,58.0],[-134.2,58.0],[-134.2,58.0],[-134.3,58.0],[-134.3,58.0],[-134.3,58.0],[-134.3,57.9],[-134.1,57.7],[-134.0,57.6],[-133.9,57.6],[-133.9,57.5],[-134.0,57.5],[-133.9,57.4],[-133.9,57.4],[-133.9,57.3],[-134.1,57.3],[-134.3,57.1],[-134.4,57.1],[-134.5,57.0],[-134.6,57.1],[-134.6,57.1],[-134.6,57.1],[-134.6,57.2],[-134.6,57.2],[-134.5,57.4],[-134.5,57.5],[-134.6,57.6],[-134.7,57.6],[-134.7,57.7],[-134.8,58.0],[-134.8,58.1],[-134.8,58.1],[-134.9,58.2],[-134.9,58.3],[-134.9,58.3],[-134.9,58.4],[-134.8,58.3],[-134.7,58.2],[-134.7,58.2]]],[[[-135.7,58.2],[-135.6,58.1],[-135.6,58.1],[-135.6,58.1],[-135.7,58.0],[-135.7,58.0],[-135.6,58.0],[-135.6,58.0],[-135.4,58.1],[-135.4,58.1],[-135.3,58.1],[-135.2,58.1],[-135.0,58.1],[-135.0,58.0],[-134.9,58.0],[-135.0,57.8],[-135.1,57.8],[-135.2,57.8],[-135.2,57.8],[-135.3,57.8],[-135.2,57.7],[-135.0,57.7],[-134.9,57.6],[-134.9,57.6],[-134.9,57.5],[-135.1,57.5],[-135.2,57.6],[-135.5,57.7],[-135.6,57.7],[-135.6,57.7],[-135.6,57.6],[-135.6,57.5],[-135.7,57.4],[-135.9,57.4],[-136.0,57.5],[-136.1,57.7],[-136.4,57.8],[-136.5,57.9],[-136.6,58.0],[-136.5,58.1],[-136.5,58.1],[-136.5,58.1],[-136.4,58.1],[-136.3,58.2],[-136.2,58.2],[-136.1,58.1],[-136.1,58.2],[-136.1,58.2],[-136.0,58.2],[-135.9,58.2],[-135.9,58.2],[-135.8,58.3],[-135.7,58.2]]],[[[-133.6,56.3],[-133.4,56.3],[-133.2,56.3],[-133.1,56.3],[-133.1,56.2],[-133.1,56.2],[-133.1,56.2],[-133.1,56.1],[-133.1,56.1],[-133.1,56.1],[-132.8,56.0],[-132.6,55.9],[-132.5,55.8],[-132.5,55.8],[-132.4,55.7],[-132.3,55.6],[-132.2,55.5],[-132.2,55.5],[-132.2,55.5],[-132.3,55.5],[-132.5,55.6],[-132.5,55.6],[-132.5,55.5],[-132.6,55.5],[-132.6,55.5],[-132.6,55.5],[-132.4,55.5],[-132.3,55.4],[-132.2,55.4],[-132.2,55.3],[-132.2,55.3],[-132.2,55.3],[-132.2,55.2],[-132.2,55.2],[-132.2,55.2],[-132.0,55.2],[-132.0,55.2],[-132.0,55.0],[-132.0,55.0],[-132.0,54.9],[-132.0,54.9],[-132.0,54.9],[-132.0,54.8],[-132.0,54.8],[-132.0,54.7],[-132.1,54.7],[-132.1,54.7],[-132.2,54.7],[-132.3,54.8],[-132.3,54.9],[-132.4,54.9],[-132.5,54.9],[-132.5,55.0],[-132.5,55.0],[-132.6,55.0],[-132.6,55.1],[-132.6,55.1],[-132.6,55.1],[-132.7,55.1],[-132.7,55.1],[-132.7,55.1],[-132.7,55.0],[-132.8,55.0],[-132.9,55.2],[-133.1,55.3],[-133.1,55.3],[-133.1,55.4],[-133.0,55.4],[-133.0,55.4],[-133.0,55.4],[-133.1,55.5],[-133.1,55.5],[-133.0,55.6],[-133.1,55.6],[-133.2,55.6],[-133.3,55.6],[-133.3,55.7],[-133.4,55.7],[-133.5,55.7],[-133.6,55.7],[-133.6,55.7],[-133.7,55.8],[-133.7,55.8],[-133.6,55.8],[-133.5,55.8],[-133.4,55.8],[-133.4,55.8],[-133.3,55.8],[-133.3,55.9],[-133.2,55.9],[-133.3,56.0],[-133.3,56.0],[-133.4,56.0],[-133.5,56.0],[-133.7,55.9],[-133.7,56.0],[-133.8,56.0],[-133.6,56.1],[-133.5,56.1],[-133.5,56.2],[-133.6,56.2],[-133.6,56.3],[-133.6,56.3]]],[[[-134.0,56.8],[-133.9,56.8],[-133.8,56.8],[-133.8,56.7],[-133.7,56.7],[-133.8,56.6],[-133.8,56.6],[-133.9,56.6],[-133.9,56.5],[-133.9,56.4],[-133.9,56.3],[-133.9,56.2],[-133.9,56.1],[-134.0,56.1],[-134.0,56.1],[-134.0,56.1],[-134.1,56.1],[-134.1,56.1],[-134.2,56.1],[-134.2,56.2],[-134.2,56.4],[-134.1,56.5],[-134.2,56.5],[-134.3,56.6],[-134.3,56.6],[-134.4,56.7],[-134.4,56.7],[-134.4,56.8],[-134.3,56.9],[-134.1,56.9],[-134.1,56.9],[-134.0,56.9],[-134.0,56.8]]],[[[-152.4,58.4],[-152.4,58.4],[-152.3,58.4],[-152.3,58.4],[-152.2,58.4],[-152.1,58.4],[-152.1,58.3],[-152.0,58.3],[-152.0,58.3],[-152.0,58.3],[-152.0,58.2],[-152.1,58.2],[-152.1,58.2],[-152.2,58.2],[-152.2,58.2],[-152.2,58.2],[-152.3,58.3],[-152.3,58.3],[-152.3,58.2],[-152.3,58.2],[-152.3,58.2],[-152.3,58.1],[-152.4,58.1],[-152.5,58.1],[-152.5,58.1],[-152.6,58.1],[-152.6,58.2],[-152.6,58.2],[-152.6,58.1],[-152.7,58.1],[-152.8,58.0],[-152.8,58.0],[-152.8,58.0],[-152.9,58.0],[-153.0,58.0],[-153.3,58.1],[-153.4,58.1],[-153.1,58.2],[-153.0,58.3],[-152.9,58.3],[-152.8,58.3],[-152.8,58.3],[-152.8,58.3],[-152.8,58.4],[-152.8,58.4],[-152.7,58.5],[-152.6,58.4],[-152.5,58.4],[-152.5,58.4],[-152.4,58.4]]],[[[-168.0,53.3],[-168.3,53.2],[-168.4,53.2],[-168.4,53.1],[-168.5,53.0],[-168.5,53.0],[-168.6,53.0],[-168.7,53.0],[-168.7,53.0],[-169.1,52.8],[-169.1,52.8],[-169.1,52.9],[-169.0,52.9],[-168.9,53.0],[-168.8,53.0],[-168.8,53.0],[-168.8,53.1],[-168.8,53.1],[-168.8,53.2],[-168.7,53.2],[-168.6,53.3],[-168.6,53.3],[-168.4,53.3],[-168.4,53.3],[-168.4,53.3],[-168.4,53.3],[-168.4,53.4],[-168.4,53.4],[-168.4,53.5],[-168.3,53.5],[-168.2,53.5],[-168.1,53.6],[-168.0,53.6],[-167.8,53.5],[-167.8,53.5],[-167.8,53.4],[-167.9,53.4],[-168.0,53.3]]],[[[-166.6,53.9],[-166.6,53.9],[-166.5,53.9],[-166.4,53.9],[-166.4,54.0],[-166.4,54.0],[-166.3,54.0],[-166.2,53.9],[-166.3,53.9],[-166.5,53.8],[-166.5,53.7],[-166.5,53.7],[-166.4,53.7],[-166.3,53.7],[-166.3,53.7],[-166.4,53.7],[-166.4,53.7],[-166.5,53.6],[-166.7,53.5],[-166.8,53.5],[-166.9,53.5],[-167.0,53.4],[-167.2,53.4],[-167.3,53.4],[-167.3,53.4],[-167.3,53.3],[-167.4,53.3],[-167.4,53.3],[-167.5,53.3],[-167.5,53.3],[-167.6,53.3],[-167.6,53.3],[-167.7,53.3],[-167.8,53.3],[-167.8,53.3],[-167.7,53.4],[-167.6,53.4],[-167.5,53.4],[-167.4,53.4],[-167.2,53.5],[-167.1,53.5],[-167.1,53.6],[-167.0,53.7],[-167.0,53.7],[-166.9,53.7],[-166.8,53.6],[-166.8,53.6],[-166.8,53.6],[-166.8,53.7],[-166.7,53.7],[-166.8,53.7],[-166.9,53.8],[-167.0,53.8],[-167.0,53.8],[-167.1,53.8],[-167.1,53.8],[-167.1,53.8],[-167.1,53.9],[-167.1,53.9],[-167.0,53.9],[-167.0,54.0],[-166.8,54.0],[-166.7,54.0],[-166.7,54.0],[-166.6,54.0],[-166.6,53.9]]],[[[-173.6,52.1],[-173.4,52.1],[-173.1,52.1],[-173.0,52.1],[-173.0,52.1],[-173.2,52.1],[-173.2,52.1],[-173.4,52.0],[-173.5,52.0],[-173.7,52.1],[-173.8,52.0],[-173.9,52.1],[-173.9,52.1],[-174.0,52.1],[-174.0,52.1],[-173.9,52.1],[-173.8,52.1],[-173.8,52.1],[-173.7,52.1],[-173.6,52.1]]],[[[-174.7,52.0],[-175.2,52.0],[-175.3,52.0],[-175.2,52.0],[-175.1,52.0],[-174.9,52.1],[-174.7,52.1],[-174.5,52.2],[-174.3,52.2],[-174.3,52.3],[-174.4,52.3],[-174.4,52.3],[-174.4,52.3],[-174.3,52.4],[-174.2,52.4],[-174.0,52.4],[-174.0,52.3],[-174.0,52.3],[-174.1,52.2],[-174.2,52.2],[-174.2,52.2],[-174.1,52.1],[-174.3,52.1],[-174.7,52.0]]],[[[-176.6,51.9],[-176.6,51.8],[-176.5,51.8],[-176.4,51.8],[-176.4,51.8],[-176.5,51.7],[-176.5,51.7],[-176.5,51.7],[-176.6,51.7],[-176.8,51.6],[-176.8,51.7],[-177.0,51.6],[-176.9,51.8],[-176.8,51.8],[-176.7,51.8],[-176.7,51.9],[-176.7,52.0],[-176.6,52.0],[-176.5,51.9],[-176.6,51.9],[-176.6,51.9]]],[[[-177.9,51.6],[-177.9,51.6],[-177.9,51.6],[-178.1,51.7],[-178.1,51.7],[-178.0,51.7],[-178.0,51.7],[-178.0,51.8],[-178.0,51.8],[-178.2,51.8],[-178.2,51.9],[-178.2,51.9],[-178.1,51.9],[-178.0,51.9],[-177.9,51.9],[-177.8,51.8],[-177.6,51.8],[-177.7,51.8],[-177.8,51.8],[-177.8,51.7],[-177.9,51.6]]],[[[179.7,51.9],[179.6,51.9],[179.5,51.9],[179.5,51.9],[179.5,52.0],[179.6,52.0],[179.8,52.0],[179.7,51.9]]],[[[177.4,51.9],[177.3,51.8],[177.3,51.9],[177.3,51.9],[177.4,52.0],[177.5,52.0],[177.5,52.0],[177.6,52.1],[177.6,52.1],[177.7,52.1],[177.7,52.1],[177.6,52.0],[177.6,51.9],[177.4,51.9]]],[[[172.8,53.0],[173.0,53.0],[173.1,53.0],[173.3,52.9],[173.4,52.9],[173.4,52.8],[173.3,52.8],[173.3,52.8],[173.2,52.8],[173.1,52.8],[172.9,52.8],[172.8,52.8],[172.7,52.9],[172.6,52.9],[172.5,52.9],[172.7,53.0],[172.8,53.0]]],[[[-155.6,19.0],[-155.6,19.0],[-155.7,19.0],[-155.9,19.1],[-155.9,19.1],[-155.9,19.4],[-156.0,19.6],[-156.0,19.7],[-156.0,19.8],[-155.9,19.9],[-155.8,20.0],[-155.9,20.2],[-155.9,20.3],[-155.8,20.3],[-155.6,20.2],[-155.2,20.0],[-155.1,19.9],[-155.1,19.7],[-155.0,19.7],[-155.0,19.6],[-154.8,19.6],[-154.8,19.5],[-154.9,19.5],[-155.1,19.3],[-155.3,19.3],[-155.5,19.1],[-155.6,19.0]]],[[[-157.2,21.2],[-157.0,21.2],[-157.0,21.2],[-156.9,21.2],[-156.7,21.2],[-156.7,21.2],[-156.7,21.1],[-156.9,21.1],[-157.0,21.1],[-157.3,21.1],[-157.3,21.2],[-157.3,21.2],[-157.2,21.2],[-157.2,21.2]]],[[[-156.5,20.9],[-156.5,20.9],[-156.4,20.9],[-156.3,21.0],[-156.1,20.9],[-156.1,20.8],[-156.0,20.8],[-156.0,20.8],[-156.0,20.7],[-156.1,20.6],[-156.2,20.6],[-156.3,20.6],[-156.4,20.6],[-156.4,20.6],[-156.4,20.7],[-156.5,20.8],[-156.5,20.8],[-156.6,20.8],[-156.7,20.9],[-156.7,20.9],[-156.7,21.0],[-156.6,21.0],[-156.5,21.0],[-156.5,20.9]]],[[[-157.8,21.5],[-157.8,21.5],[-157.7,21.5],[-157.7,21.4],[-157.7,21.3],[-157.6,21.3],[-157.7,21.3],[-157.8,21.3],[-157.8,21.3],[-157.9,21.3],[-158.0,21.3],[-158.0,21.4],[-158.0,21.4],[-158.0,21.4],[-158.0,21.3],[-158.1,21.3],[-158.1,21.3],[-158.1,21.4],[-158.2,21.5],[-158.2,21.5],[-158.3,21.6],[-158.1,21.6],[-158.0,21.7],[-158.0,21.7],[-157.9,21.6],[-157.9,21.5],[-157.8,21.5],[-157.8,21.5]]],[[[-159.4,21.9],[-159.5,21.9],[-159.5,21.9],[-159.6,21.9],[-159.6,22.0],[-159.7,22.0],[-159.8,22.0],[-159.7,22.1],[-159.6,22.2],[-159.4,22.2],[-159.3,22.2],[-159.3,22.1],[-159.3,22.1],[-159.3,22.0],[-159.4,21.9]]],[[[-160.2,21.8],[-160.2,21.8],[-160.2,21.8],[-160.2,21.8],[-160.2,21.9],[-160.2,21.9],[-160.1,22.0],[-160.0,22.0],[-160.1,22.0],[-160.1,21.9],[-160.2,21.9],[-160.2,21.8]]],[[[-156.8,20.8],[-156.9,20.7],[-157.0,20.8],[-157.0,20.8],[-157.1,20.9],[-156.9,20.9],[-156.9,20.9],[-156.8,20.9],[-156.8,20.8],[-156.8,20.8]]],[[[-74.7,45.0],[-74.7,45.0],[-74.4,45.0],[-74.0,45.0],[-73.6,45.0],[-73.2,45.0],[-72.8,45.0],[-72.3,45.0],[-71.9,45.0],[-71.5,45.0],[-71.4,45.2],[-71.3,45.3],[-71.2,45.3],[-71.1,45.3],[-71.1,45.3],[-71.0,45.3],[-71.0,45.3],[-70.9,45.3],[-70.9,45.3],[-70.9,45.3],[-70.8,45.3],[-70.8,45.4],[-70.8,45.4],[-70.8,45.4],[-70.7,45.4],[-70.7,45.4],[-70.7,45.5],[-70.7,45.5],[-70.7,45.6],[-70.6,45.6],[-70.5,45.7],[-70.4,45.7],[-70.4,45.8],[-70.3,45.9],[-70.3,45.9],[-70.3,45.9],[-70.3,46.0],[-70.3,46.1],[-70.3,46.1],[-70.2,46.3],[-70.2,46.3],[-70.1,46.4],[-70.0,46.6],[-70.0,46.7],[-69.9,46.8],[-69.7,47.0],[-69.6,47.1],[-69.5,47.2],[-69.4,47.4],[-69.3,47.4],[-69.2,47.5],[-69.1,47.4],[-69.1,47.4],[-69.1,47.3],[-69.0,47.3],[-69.0,47.2],[-68.9,47.2],[-68.9,47.2],[-68.8,47.2],[-68.7,47.3],[-68.5,47.3],[-68.4,47.3],[-68.4,47.3],[-68.3,47.4],[-68.2,47.3],[-68.1,47.3],[-67.9,47.2],[-67.8,47.1],[-67.8,46.9],[-67.8,46.8],[-67.8,46.6],[-67.8,46.5],[-67.8,46.3],[-67.8,46.2],[-67.8,46.0],[-67.8,46.0],[-67.8,45.9],[-67.8,45.9],[-67.8,45.9],[-67.8,45.9],[-67.8,45.8],[-67.8,45.8],[-67.8,45.8],[-67.8,45.8],[-67.8,45.7],[-67.8,45.7],[-67.8,45.7],[-67.7,45.7],[-67.7,45.7],[-67.7,45.6],[-67.6,45.6],[-67.5,45.6],[-67.5,45.6],[-67.4,45.6],[-67.4,45.6],[-67.4,45.5],[-67.5,45.5],[-67.5,45.5],[-67.5,45.5],[-67.5,45.4],[-67.5,45.4],[-67.4,45.4],[-67.4,45.3],[-67.5,45.3],[-67.5,45.3],[-67.5,45.2],[-67.4,45.2],[-67.4,45.2],[-67.3,45.2],[-67.3,45.2],[-67.3,45.2],[-67.2,45.2],[-67.2,45.2],[-67.2,45.2],[-67.1,45.2],[-67.1,45.1],[-67.1,45.1],[-67.1,45.0],[-67.1,44.9],[-67.1,44.9],[-67.0,44.9],[-67.0,44.8],[-67.0,44.8],[-67.2,44.7],[-67.4,44.7],[-67.5,44.7],[-67.6,44.6],[-67.6,44.6],[-67.7,44.6],[-67.7,44.6],[-67.8,44.6],[-67.8,44.6],[-67.9,44.5],[-68.0,44.5],[-68.0,44.4],[-68.0,44.4],[-68.1,44.4],[-68.1,44.4],[-68.1,44.5],[-68.2,44.5],[-68.2,44.5],[-68.2,44.5],[-68.3,44.5],[-68.3,44.5],[-68.4,44.4],[-68.4,44.5],[-68.5,44.5],[-68.5,44.4],[-68.5,44.4],[-68.5,44.3],[-68.5,44.3],[-68.6,44.3],[-68.6,44.3],[-68.7,44.3],[-68.8,44.3],[-68.8,44.4],[-68.7,44.4],[-68.7,44.5],[-68.8,44.4],[-68.8,44.5],[-68.8,44.5],[-68.8,44.6],[-68.8,44.5],[-68.8,44.5],[-69.0,44.4],[-69.0,44.3],[-69.1,44.2],[-69.1,44.1],[-69.1,44.0],[-69.2,44.0],[-69.3,44.0],[-69.4,44.0],[-69.5,43.9],[-69.5,43.9],[-69.5,44.0],[-69.6,44.0],[-69.6,43.9],[-69.6,43.9],[-69.6,43.9],[-69.7,44.0],[-69.7,44.0],[-69.7,43.9],[-69.8,43.9],[-69.8,43.9],[-69.8,43.9],[-69.8,43.9],[-69.8,43.8],[-69.8,43.8],[-69.8,43.8],[-69.9,43.8],[-69.9,43.8],[-70.0,43.8],[-70.0,43.8],[-70.0,43.9],[-70.1,43.8],[-70.2,43.8],[-70.3,43.7],[-70.2,43.7],[-70.2,43.6],[-70.4,43.5],[-70.5,43.3],[-70.6,43.1],[-70.7,43.1],[-70.7,43.1],[-70.8,42.9],[-70.8,42.8],[-70.8,42.8],[-70.8,42.7],[-70.7,42.7],[-70.7,42.7],[-70.7,42.7],[-70.6,42.7],[-70.6,42.6],[-70.6,42.6],[-70.7,42.6],[-70.8,42.6],[-70.8,42.6],[-70.9,42.5],[-70.9,42.4],[-71.0,42.3],[-71.0,42.3],[-70.8,42.3],[-70.7,42.2],[-70.6,42.0],[-70.6,42.0],[-70.7,42.0],[-70.5,41.9],[-70.5,41.8],[-70.4,41.8],[-70.3,41.7],[-70.1,41.8],[-70.0,41.8],[-70.0,41.9],[-70.1,42.0],[-70.1,42.0],[-70.2,42.1],[-70.2,42.0],[-70.2,42.1],[-70.2,42.1],[-70.2,42.1],[-70.2,42.1],[-70.1,42.1],[-70.0,42.0],[-69.9,41.8],[-69.9,41.7],[-69.9,41.7],[-70.0,41.7],[-70.1,41.7],[-70.4,41.6],[-70.5,41.6],[-70.7,41.5],[-70.7,41.6],[-70.7,41.6],[-70.7,41.7],[-70.7,41.7],[-71.0,41.5],[-71.1,41.5],[-71.2,41.5],[-71.2,41.5],[-71.2,41.6],[-71.1,41.7],[-71.2,41.7],[-71.3,41.7],[-71.3,41.7],[-71.3,41.8],[-71.4,41.8],[-71.4,41.8],[-71.4,41.7],[-71.4,41.6],[-71.4,41.5],[-71.5,41.4],[-71.8,41.3],[-71.9,41.3],[-72.1,41.3],[-72.3,41.3],[-72.4,41.3],[-72.5,41.3],[-72.8,41.3],[-72.9,41.3],[-73.0,41.2],[-73.2,41.2],[-73.6,41.0],[-73.7,41.0],[-73.8,40.9],[-73.9,40.8],[-73.9,40.8],[-73.9,40.8],[-74.0,40.8],[-73.9,40.8],[-73.9,40.9],[-73.9,41.1],[-73.9,41.2],[-73.9,41.2],[-74.0,41.2],[-73.9,41.1],[-73.9,41.0],[-73.9,40.9],[-74.0,40.8],[-74.1,40.7],[-74.1,40.7],[-74.2,40.7],[-74.2,40.6],[-74.2,40.6],[-74.3,40.5],[-74.2,40.5],[-74.0,40.4],[-74.0,40.5],[-74.0,40.4],[-74.0,40.3],[-74.0,40.3],[-74.0,40.2],[-74.0,40.1],[-74.0,39.9],[-74.1,39.8],[-74.1,39.8],[-74.1,40.0],[-74.1,40.0],[-74.1,39.9],[-74.2,39.7],[-74.3,39.6],[-74.3,39.5],[-74.4,39.5],[-74.4,39.5],[-74.4,39.5],[-74.4,39.4],[-74.5,39.3],[-74.5,39.3],[-74.6,39.3],[-74.6,39.3],[-74.6,39.2],[-74.6,39.2],[-74.8,39.0],[-74.9,38.9],[-75.0,38.9],[-74.9,39.0],[-74.9,39.1],[-75.0,39.2],[-75.1,39.2],[-75.1,39.2],[-75.2,39.3],[-75.4,39.3],[-75.5,39.5],[-75.5,39.5],[-75.5,39.6],[-75.5,39.7],[-75.4,39.8],[-75.4,39.8],[-75.2,39.9],[-75.1,39.9],[-75.1,40.0],[-75.2,39.9],[-75.3,39.9],[-75.4,39.8],[-75.5,39.8],[-75.5,39.7],[-75.6,39.6],[-75.6,39.6],[-75.6,39.6],[-75.6,39.5],[-75.5,39.4],[-75.4,39.3],[-75.4,39.1],[-75.3,39.0],[-75.2,38.8],[-75.1,38.8],[-75.1,38.7],[-75.1,38.6],[-75.2,38.6],[-75.1,38.6],[-75.1,38.6],[-75.0,38.5],[-75.0,38.4],[-75.1,38.4],[-75.1,38.4],[-75.1,38.4],[-75.1,38.4],[-75.1,38.4],[-75.1,38.4],[-75.1,38.3],[-75.2,38.3],[-75.2,38.2],[-75.3,38.1],[-75.4,38.1],[-75.6,37.6],[-75.6,37.6],[-75.6,37.5],[-75.7,37.5],[-75.8,37.5],[-75.8,37.4],[-75.9,37.3],[-75.9,37.2],[-76.0,37.2],[-76.0,37.3],[-76.0,37.4],[-75.9,37.6],[-75.8,37.8],[-75.7,37.8],[-75.7,38.0],[-75.7,38.0],[-75.9,38.0],[-75.8,38.0],[-75.8,38.1],[-75.9,38.1],[-75.9,38.1],[-75.9,38.2],[-75.9,38.2],[-75.9,38.3],[-75.9,38.3],[-75.9,38.4],[-75.9,38.4],[-75.9,38.3],[-76.0,38.3],[-76.0,38.3],[-76.0,38.3],[-76.0,38.3],[-76.1,38.3],[-76.1,38.3],[-76.2,38.4],[-76.3,38.4],[-76.3,38.5],[-76.3,38.6],[-76.2,38.6],[-76.1,38.6],[-76.0,38.6],[-76.0,38.6],[-76.1,38.6],[-76.2,38.7],[-76.2,38.8],[-76.3,38.8],[-76.3,38.7],[-76.3,38.7],[-76.3,38.8],[-76.2,38.8],[-76.2,38.9],[-76.2,38.9],[-76.2,38.9],[-76.3,38.9],[-76.3,39.0],[-76.3,39.0],[-76.2,39.0],[-76.2,39.0],[-76.1,39.1],[-76.1,39.1],[-76.2,39.1],[-76.2,39.2],[-76.2,39.3],[-76.1,39.4],[-76.0,39.4],[-75.9,39.4],[-75.9,39.4],[-76.0,39.4],[-76.0,39.5],[-75.9,39.5],[-75.9,39.5],[-76.0,39.5],[-76.0,39.6],[-76.0,39.6],[-76.1,39.6],[-76.1,39.5],[-76.1,39.5],[-76.1,39.4],[-76.1,39.4],[-76.2,39.4],[-76.2,39.4],[-76.2,39.4],[-76.3,39.4],[-76.3,39.3],[-76.3,39.4],[-76.3,39.4],[-76.3,39.4],[-76.4,39.3],[-76.4,39.3],[-76.4,39.3],[-76.4,39.2],[-76.6,39.3],[-76.6,39.3],[-76.5,39.2],[-76.4,39.1],[-76.4,39.1],[-76.5,39.0],[-76.5,39.1],[-76.6,39.1],[-76.5,39.0],[-76.5,38.9],[-76.5,38.9],[-76.5,38.8],[-76.5,38.8],[-76.5,38.7],[-76.5,38.5],[-76.5,38.5],[-76.4,38.4],[-76.4,38.4],[-76.4,38.4],[-76.5,38.4],[-76.6,38.4],[-76.6,38.5],[-76.7,38.6],[-76.7,38.6],[-76.7,38.5],[-76.6,38.5],[-76.4,38.3],[-76.4,38.2],[-76.3,38.1],[-76.3,38.1],[-76.4,38.1],[-76.5,38.2],[-76.6,38.2],[-76.8,38.3],[-76.9,38.4],[-76.9,38.3],[-76.9,38.3],[-77.0,38.3],[-77.0,38.4],[-77.0,38.4],[-77.1,38.4],[-77.2,38.4],[-77.2,38.4],[-77.2,38.5],[-77.2,38.5],[-77.1,38.7],[-77.1,38.7],[-77.0,38.8],[-77.0,38.9],[-77.0,38.8],[-77.1,38.7],[-77.2,38.7],[-77.3,38.6],[-77.3,38.5],[-77.3,38.4],[-77.3,38.4],[-77.2,38.3],[-77.1,38.4],[-77.0,38.4],[-76.9,38.2],[-76.6,38.1],[-76.5,38.1],[-76.5,38.0],[-76.4,38.0],[-76.3,37.9],[-76.3,37.8],[-76.3,37.8],[-76.3,37.7],[-76.3,37.7],[-76.4,37.7],[-76.5,37.7],[-76.8,37.9],[-76.8,38.0],[-76.9,38.1],[-77.1,38.2],[-77.1,38.2],[-76.9,38.0],[-76.8,37.9],[-76.7,37.8],[-76.6,37.8],[-76.5,37.7],[-76.5,37.6],[-76.3,37.6],[-76.4,37.5],[-76.3,37.5],[-76.3,37.4],[-76.3,37.4],[-76.4,37.4],[-76.4,37.3],[-76.4,37.3],[-76.5,37.3],[-76.5,37.3],[-76.8,37.5],[-76.8,37.5],[-76.7,37.4],[-76.6,37.3],[-76.5,37.2],[-76.4,37.2],[-76.3,37.1],[-76.3,37.1],[-76.3,37.1],[-76.3,37.0],[-76.4,37.0],[-76.5,37.0],[-76.5,37.1],[-76.6,37.1],[-76.6,37.2],[-76.7,37.2],[-77.0,37.3],[-77.3,37.3],[-77.2,37.3],[-77.2,37.3],[-77.0,37.3],[-76.9,37.2],[-76.8,37.2],[-76.7,37.2],[-76.6,37.0],[-76.5,37.0],[-76.5,36.9],[-76.4,36.9],[-76.2,37.0],[-76.1,36.9],[-76.0,36.9],[-76.0,36.9],[-75.9,36.8],[-75.9,36.7],[-75.8,36.2],[-75.6,35.9],[-75.5,35.8],[-75.6,35.9],[-75.7,36.1],[-75.8,36.3],[-75.9,36.6],[-75.9,36.6],[-75.9,36.7],[-76.0,36.6],[-76.0,36.6],[-76.0,36.6],[-76.0,36.5],[-76.0,36.4],[-75.9,36.4],[-75.9,36.3],[-75.8,36.1],[-75.9,36.2],[-76.0,36.2],[-76.1,36.2],[-76.1,36.3],[-76.1,36.2],[-76.2,36.1],[-76.2,36.2],[-76.3,36.2],[-76.2,36.1],[-76.3,36.1],[-76.4,36.1],[-76.4,36.1],[-76.5,36.0],[-76.6,36.0],[-76.7,36.1],[-76.7,36.1],[-76.7,36.2],[-76.7,36.1],[-76.7,36.0],[-76.7,36.0],[-76.6,35.9],[-76.5,36.0],[-76.4,36.0],[-76.3,36.0],[-76.2,36.0],[-76.1,36.0],[-76.1,35.9],[-76.1,35.8],[-76.1,35.7],[-76.0,35.7],[-76.0,35.7],[-76.0,35.9],[-75.9,36.0],[-75.8,36.0],[-75.8,35.9],[-75.8,35.8],[-75.7,35.8],[-75.8,35.6],[-76.0,35.5],[-76.1,35.4],[-76.2,35.4],[-76.3,35.4],[-76.4,35.4],[-76.4,35.4],[-76.5,35.4],[-76.5,35.4],[-76.5,35.5],[-76.6,35.5],[-76.6,35.5],[-76.6,35.5],[-76.7,35.4],[-76.9,35.5],[-77.0,35.5],[-77.0,35.5],[-76.6,35.3],[-76.6,35.3],[-76.5,35.3],[-76.6,35.2],[-76.6,35.2],[-76.6,35.1],[-76.6,35.1],[-76.8,35.0],[-76.9,35.0],[-77.1,35.2],[-77.0,35.0],[-76.9,35.0],[-76.7,34.9],[-76.5,35.0],[-76.4,34.9],[-76.4,34.8],[-76.5,34.8],[-76.6,34.8],[-76.7,34.8],[-76.7,34.7],[-76.8,34.7],[-76.9,34.7],[-77.0,34.7],[-77.1,34.7],[-77.3,34.6],[-77.3,34.6],[-77.4,34.6],[-77.4,34.7],[-77.4,34.7],[-77.4,34.6],[-77.4,34.6],[-77.4,34.5],[-77.5,34.5],[-77.6,34.4],[-77.7,34.3],[-77.8,34.3],[-77.9,34.1],[-77.9,34.1],[-77.9,33.9],[-77.9,34.0],[-77.9,34.1],[-78.0,34.2],[-78.0,34.0],[-78.0,33.9],[-78.4,33.9],[-78.6,33.9],[-78.8,33.7],[-78.9,33.7],[-79.1,33.4],[-79.2,33.2],[-79.2,33.3],[-79.2,33.4],[-79.2,33.4],[-79.3,33.3],[-79.2,33.2],[-79.3,33.1],[-79.4,33.0],[-79.5,33.0],[-79.6,33.0],[-79.6,32.9],[-79.7,32.8],[-79.8,32.8],[-79.9,32.8],[-79.9,32.7],[-79.9,32.7],[-80.0,32.6],[-80.1,32.6],[-80.2,32.6],[-80.2,32.6],[-80.3,32.5],[-80.4,32.5],[-80.5,32.5],[-80.6,32.5],[-80.6,32.5],[-80.5,32.5],[-80.5,32.4],[-80.5,32.4],[-80.5,32.3],[-80.6,32.3],[-80.6,32.3],[-80.6,32.3],[-80.6,32.4],[-80.7,32.4],[-80.7,32.3],[-80.7,32.3],[-80.8,32.4],[-80.8,32.4],[-80.8,32.3],[-80.7,32.3],[-80.7,32.2],[-80.7,32.2],[-80.8,32.1],[-80.8,32.1],[-80.8,32.1],[-80.9,32.1],[-80.9,32.0],[-80.9,31.9],[-81.0,31.9],[-81.1,31.9],[-81.1,31.9],[-81.1,31.8],[-81.1,31.8],[-81.1,31.8],[-81.1,31.8],[-81.2,31.7],[-81.2,31.7],[-81.2,31.7],[-81.2,31.6],[-81.2,31.6],[-81.2,31.6],[-81.3,31.5],[-81.2,31.5],[-81.2,31.5],[-81.2,31.5],[-81.2,31.5],[-81.3,31.4],[-81.3,31.4],[-81.4,31.4],[-81.4,31.3],[-81.3,31.3],[-81.3,31.3],[-81.4,31.2],[-81.4,31.2],[-81.4,31.2],[-81.5,31.1],[-81.5,31.1],[-81.5,31.0],[-81.5,30.9],[-81.5,30.9],[-81.5,30.8],[-81.5,30.7],[-81.5,30.6],[-81.4,30.3],[-81.3,30.1],[-81.2,29.8],[-81.1,29.5],[-80.9,29.0],[-80.6,28.6],[-80.5,28.5],[-80.6,28.4],[-80.6,28.4],[-80.6,28.3],[-80.6,28.2],[-80.5,28.1],[-80.5,27.9],[-80.5,27.9],[-80.6,28.2],[-80.6,28.3],[-80.6,28.5],[-80.6,28.5],[-80.7,28.5],[-80.7,28.4],[-80.7,28.3],[-80.7,28.5],[-80.7,28.5],[-80.7,28.6],[-80.7,28.6],[-80.8,28.6],[-80.8,28.7],[-80.8,28.7],[-80.8,28.8],[-80.8,28.8],[-80.8,28.6],[-80.8,28.6],[-80.7,28.4],[-80.7,28.3],[-80.7,28.2],[-80.2,27.2],[-80.1,27.1],[-80.1,27.0],[-80.1,26.8],[-80.0,26.6],[-80.1,26.1],[-80.1,25.8],[-80.1,25.8],[-80.1,25.9],[-80.2,25.9],[-80.2,25.7],[-80.3,25.6],[-80.3,25.4],[-80.4,25.3],[-80.5,25.2],[-80.6,25.2],[-80.7,25.2],[-80.9,25.2],[-81.0,25.1],[-81.1,25.1],[-81.2,25.2],[-81.2,25.3],[-81.1,25.3],[-81.1,25.3],[-81.0,25.2],[-80.9,25.3],[-81.0,25.3],[-81.1,25.3],[-81.1,25.4],[-81.2,25.6],[-81.3,25.7],[-81.4,25.8],[-81.6,25.9],[-81.7,26.0],[-81.8,26.1],[-81.9,26.4],[-81.9,26.5],[-82.0,26.5],[-81.9,26.6],[-81.8,26.7],[-81.9,26.7],[-81.9,26.6],[-82.0,26.6],[-82.0,26.5],[-82.0,26.6],[-82.1,26.7],[-82.1,26.9],[-82.0,27.0],[-82.1,27.0],[-82.2,26.9],[-82.2,26.9],[-82.2,26.8],[-82.2,26.8],[-82.3,26.9],[-82.4,26.9],[-82.4,27.1],[-82.6,27.4],[-82.7,27.4],[-82.7,27.5],[-82.7,27.5],[-82.6,27.5],[-82.5,27.7],[-82.4,27.8],[-82.4,27.8],[-82.4,27.9],[-82.4,27.9],[-82.5,27.9],[-82.5,27.9],[-82.6,28.0],[-82.6,28.0],[-82.7,28.0],[-82.6,27.9],[-82.6,27.9],[-82.6,27.8],[-82.6,27.7],[-82.7,27.7],[-82.7,27.7],[-82.7,27.7],[-82.8,27.7],[-82.8,27.8],[-82.8,27.8],[-82.7,28.2],[-82.7,28.5],[-82.7,28.8],[-82.6,28.8],[-82.7,28.9],[-82.8,29.1],[-83.3,29.5],[-83.7,29.9],[-84.0,30.1],[-84.3,30.1],[-84.4,30.0],[-84.4,30.0],[-84.4,29.9],[-84.4,29.9],[-84.5,29.9],[-84.5,29.9],[-84.8,29.8],[-84.9,29.8],[-85.0,29.7],[-85.0,29.7],[-85.2,29.7],[-85.3,29.7],[-85.4,29.7],[-85.4,29.8],[-85.4,29.8],[-85.4,29.8],[-85.3,29.7],[-85.3,29.8],[-85.3,29.8],[-85.4,29.9],[-85.5,30.0],[-85.7,30.1],[-85.6,30.1],[-85.6,30.1],[-85.7,30.2],[-85.6,30.2],[-85.6,30.3],[-85.7,30.3],[-85.7,30.2],[-85.7,30.2],[-85.8,30.2],[-85.8,30.2],[-85.9,30.2],[-86.2,30.3],[-86.5,30.4],[-86.2,30.4],[-86.1,30.4],[-86.1,30.4],[-86.2,30.5],[-86.3,30.5],[-86.4,30.5],[-86.4,30.5],[-86.5,30.5],[-86.6,30.4],[-86.7,30.4],[-87.0,30.4],[-87.2,30.3],[-87.2,30.4],[-87.1,30.4],[-87.0,30.4],[-87.0,30.5],[-87.0,30.6],[-87.0,30.6],[-87.1,30.5],[-87.1,30.5],[-87.2,30.5],[-87.2,30.5],[-87.3,30.4],[-87.3,30.3],[-87.5,30.3],[-87.5,30.3],[-87.4,30.4],[-87.4,30.4],[-87.5,30.4],[-87.6,30.3],[-88.0,30.2],[-88.0,30.3],[-87.9,30.3],[-87.8,30.3],[-87.8,30.3],[-87.9,30.4],[-87.9,30.4],[-87.9,30.4],[-87.9,30.6],[-87.9,30.6],[-88.0,30.7],[-88.0,30.7],[-88.1,30.6],[-88.1,30.4],[-88.1,30.4],[-88.2,30.4],[-88.3,30.4],[-88.7,30.4],[-88.8,30.4],[-88.9,30.4],[-88.9,30.4],[-89.1,30.4],[-89.2,30.3],[-89.3,30.3],[-89.3,30.3],[-89.4,30.2],[-89.6,30.2],[-90.0,30.3],[-90.0,30.4],[-90.1,30.4],[-90.2,30.4],[-90.3,30.3],[-90.4,30.1],[-90.3,30.1],[-90.2,30.0],[-90.0,30.1],[-89.9,30.1],[-89.8,30.1],[-89.8,30.1],[-89.7,30.2],[-89.7,30.1],[-89.7,30.1],[-89.7,30.1],[-89.8,30.0],[-89.8,30.0],[-89.7,29.9],[-89.6,29.9],[-89.6,29.9],[-89.6,30.0],[-89.5,30.1],[-89.4,30.0],[-89.4,30.0],[-89.4,30.0],[-89.4,29.9],[-89.4,29.8],[-89.4,29.8],[-89.5,29.8],[-89.5,29.8],[-89.6,29.7],[-89.6,29.7],[-89.6,29.7],[-89.7,29.7],[-89.7,29.7],[-89.7,29.6],[-89.7,29.6],[-89.7,29.5],[-89.6,29.5],[-89.5,29.4],[-89.2,29.3],[-89.2,29.3],[-89.1,29.2],[-89.1,29.2],[-89.0,29.2],[-89.0,29.1],[-89.1,29.1],[-89.1,29.0],[-89.2,29.0],[-89.2,29.1],[-89.2,29.1],[-89.3,29.0],[-89.4,29.0],[-89.4,29.1],[-89.4,29.1],[-89.4,29.2],[-89.5,29.2],[-89.6,29.3],[-89.6,29.3],[-89.7,29.3],[-89.7,29.3],[-89.8,29.3],[-89.8,29.4],[-89.8,29.4],[-89.9,29.5],[-90.2,29.5],[-90.2,29.5],[-90.1,29.5],[-90.1,29.5],[-90.1,29.4],[-90.1,29.3],[-90.1,29.3],[-90.1,29.2],[-90.1,29.2],[-90.1,29.1],[-90.2,29.1],[-90.2,29.1],[-90.3,29.3],[-90.4,29.3],[-90.5,29.3],[-90.6,29.3],[-90.7,29.2],[-90.8,29.1],[-91.0,29.2],[-91.3,29.3],[-91.3,29.3],[-91.2,29.3],[-91.2,29.3],[-91.2,29.4],[-91.2,29.5],[-91.3,29.5],[-91.2,29.6],[-91.3,29.6],[-91.3,29.5],[-91.5,29.6],[-91.6,29.6],[-91.7,29.7],[-91.8,29.8],[-91.9,29.8],[-92.0,29.8],[-92.1,29.8],[-92.1,29.7],[-92.1,29.7],[-92.1,29.6],[-92.1,29.6],[-92.3,29.6],[-92.7,29.6],[-92.8,29.6],[-93.0,29.7],[-93.2,29.8],[-93.3,29.8],[-93.4,29.8],[-93.7,29.8],[-93.8,29.8],[-93.8,29.7],[-93.9,29.8],[-93.9,29.8],[-93.8,29.8],[-93.8,29.9],[-93.8,29.9],[-93.8,30.0],[-93.8,30.0],[-93.8,30.0],[-93.9,29.8],[-93.9,29.7],[-93.9,29.7],[-94.1,29.7],[-94.6,29.5],[-94.8,29.4],[-94.8,29.4],[-94.5,29.5],[-94.6,29.6],[-94.7,29.5],[-94.8,29.5],[-94.7,29.7],[-94.7,29.8],[-94.8,29.8],[-94.9,29.7],[-94.9,29.7],[-95.0,29.7],[-95.0,29.7],[-95.0,29.5],[-94.9,29.5],[-94.9,29.4],[-95.0,29.3],[-95.1,29.2],[-95.2,29.1],[-95.3,29.0],[-95.4,28.9],[-95.7,28.7],[-95.7,28.7],[-95.9,28.6],[-96.0,28.6],[-96.2,28.5],[-96.2,28.5],[-96.1,28.6],[-96.0,28.6],[-96.1,28.6],[-96.3,28.7],[-96.4,28.7],[-96.4,28.6],[-96.4,28.6],[-96.5,28.6],[-96.6,28.7],[-96.6,28.7],[-96.6,28.7],[-96.6,28.7],[-96.5,28.5],[-96.5,28.5],[-96.4,28.5],[-96.5,28.4],[-96.6,28.4],[-96.7,28.3],[-96.8,28.4],[-96.8,28.3],[-96.8,28.2],[-96.8,28.2],[-96.9,28.2],[-96.9,28.2],[-96.9,28.2],[-97.0,28.2],[-97.0,28.2],[-97.1,28.2],[-97.2,28.1],[-97.2,28.1],[-97.1,28.1],[-97.0,28.1],[-97.1,28.0],[-97.2,27.9],[-97.3,27.9],[-97.4,27.9],[-97.4,27.9],[-97.4,27.8],[-97.3,27.7],[-97.4,27.4],[-97.4,27.3],[-97.5,27.3],[-97.5,27.3],[-97.7,27.4],[-97.8,27.5],[-97.7,27.3],[-97.5,27.2],[-97.5,27.2],[-97.5,27.1],[-97.5,27.1],[-97.6,27.0],[-97.5,26.9],[-97.5,26.8],[-97.5,26.7],[-97.4,26.5],[-97.4,26.4],[-97.2,26.1],[-97.2,26.1],[-97.1,26.0],[-97.1,26.0],[-97.3,25.9],[-97.3,25.9],[-97.3,25.9],[-97.4,25.9],[-97.4,25.9],[-97.4,25.9],[-97.6,26.0],[-97.8,26.0],[-98.1,26.1],[-98.3,26.1],[-98.4,26.2],[-98.5,26.2],[-98.6,26.2],[-98.7,26.3],[-98.8,26.3],[-98.9,26.4],[-99.0,26.4],[-99.1,26.4],[-99.2,26.6],[-99.2,26.6],[-99.2,26.8],[-99.3,26.9],[-99.4,27.0],[-99.5,27.1],[-99.5,27.1],[-99.5,27.1],[-99.4,27.2],[-99.5,27.2],[-99.5,27.3],[-99.5,27.3],[-99.5,27.4],[-99.5,27.5],[-99.5,27.5],[-99.6,27.6],[-99.8,27.7],[-99.9,27.9],[-100.0,28.0],[-100.1,28.2],[-100.2,28.2],[-100.3,28.3],[-100.3,28.4],[-100.3,28.5],[-100.3,28.5],[-100.4,28.6],[-100.5,28.8],[-100.6,29.0],[-100.7,29.1],[-100.8,29.2],[-100.9,29.3],[-101.0,29.4],[-101.0,29.5],[-101.0,29.5],[-101.3,29.6],[-101.4,29.7],[-101.4,29.8],[-101.5,29.8],[-101.5,29.8],[-101.5,29.8],[-101.6,29.8],[-101.6,29.8],[-101.8,29.8],[-102.0,29.8],[-102.2,29.8],[-102.3,29.9],[-102.3,29.9],[-102.4,29.8],[-102.5,29.8],[-102.6,29.8],[-102.7,29.6],[-102.8,29.4],[-102.9,29.3],[-102.9,29.3],[-102.9,29.2],[-103.0,29.2],[-103.0,29.1],[-103.1,29.0],[-103.2,29.0],[-103.3,29.0],[-103.4,29.1],[-103.7,29.2],[-103.9,29.3],[-104.0,29.3],[-104.1,29.4],[-104.2,29.5],[-104.3,29.5],[-104.4,29.6],[-104.5,29.7],[-104.6,29.9],[-104.7,30.0],[-104.7,30.1],[-104.8,30.4],[-104.9,30.6],[-105.0,30.6],[-105.1,30.7],[-105.3,30.8],[-105.5,31.0],[-105.8,31.2],[-106.0,31.4],[-106.1,31.5],[-106.3,31.5],[-106.3,31.7],[-106.4,31.8],[-106.4,31.8],[-106.5,31.8],[-106.7,31.8],[-106.9,31.8],[-107.1,31.8],[-107.3,31.8],[-107.6,31.8],[-107.8,31.8],[-108.0,31.8],[-108.2,31.8],[-108.2,31.7],[-108.2,31.6],[-108.2,31.4],[-108.2,31.3],[-108.6,31.3],[-108.9,31.3],[-109.3,31.3],[-109.6,31.3],[-110.0,31.3],[-110.3,31.3],[-110.7,31.3],[-111.0,31.3],[-111.5,31.5],[-112.0,31.6],[-112.5,31.8],[-112.9,31.9],[-113.4,32.1],[-113.9,32.2],[-114.4,32.4],[-114.8,32.5],[-114.8,32.6],[-114.7,32.7],[-114.8,32.7],[-115.1,32.7],[-115.4,32.7],[-115.7,32.6],[-116.0,32.6],[-116.3,32.6],[-116.6,32.6],[-116.8,32.6],[-117.1,32.5],[-117.1,32.5],[-117.1,32.6],[-117.2,32.7],[-117.2,32.7],[-117.3,32.8],[-117.3,32.9],[-117.3,32.9],[-117.3,33.1],[-117.5,33.3],[-117.8,33.5],[-118.0,33.6],[-118.1,33.7],[-118.2,33.8],[-118.3,33.8],[-118.3,33.7],[-118.4,33.7],[-118.4,33.9],[-118.5,34.0],[-118.6,34.0],[-118.8,34.0],[-119.1,34.1],[-119.2,34.2],[-119.3,34.3],[-119.4,34.3],[-119.6,34.4],[-119.7,34.4],[-119.9,34.4],[-120.1,34.5],[-120.2,34.5],[-120.4,34.5],[-120.5,34.5],[-120.6,34.5],[-120.6,34.6],[-120.6,34.7],[-120.6,34.7],[-120.6,34.8],[-120.7,34.9],[-120.6,35.1],[-120.7,35.1],[-120.7,35.2],[-120.9,35.2],[-120.9,35.3],[-120.9,35.4],[-120.9,35.4],[-121.0,35.5],[-121.1,35.6],[-121.3,35.7],[-121.3,35.8],[-121.4,35.9],[-121.5,35.9],[-121.7,36.2],[-121.9,36.3],[-121.9,36.4],[-121.9,36.6],[-121.8,36.7],[-121.8,36.7],[-121.8,36.8],[-121.8,36.9],[-121.9,36.9],[-122.2,37.0],[-122.4,37.2],[-122.4,37.4],[-122.5,37.5],[-122.5,37.7],[-122.5,37.8],[-122.4,37.8],[-122.4,37.8],[-122.4,37.7],[-122.4,37.7],[-122.3,37.6],[-122.2,37.6],[-122.2,37.5],[-122.1,37.5],[-122.1,37.5],[-122.1,37.5],[-122.1,37.5],[-122.2,37.6],[-122.2,37.7],[-122.3,37.8],[-122.3,37.9],[-122.4,37.9],[-122.4,38.0],[-122.3,38.0],[-122.2,38.0],[-122.1,38.0],[-121.7,38.0],[-121.6,38.1],[-121.6,38.1],[-121.5,38.1],[-121.6,38.1],[-121.7,38.1],[-121.7,38.1],[-121.9,38.1],[-121.9,38.1],[-122.0,38.1],[-122.0,38.1],[-122.2,38.1],[-122.2,38.1],[-122.3,38.1],[-122.4,38.1],[-122.5,38.1],[-122.5,38.0],[-122.5,37.8],[-122.5,37.8],[-122.6,37.9],[-122.7,37.9],[-122.8,37.9],[-122.9,38.0],[-122.9,38.1],[-123.0,38.0],[-123.0,38.0],[-123.0,38.1],[-123.0,38.2],[-122.9,38.1],[-122.9,38.2],[-123.0,38.3],[-123.0,38.3],[-123.1,38.4],[-123.3,38.5],[-123.4,38.7],[-123.7,38.9],[-123.7,39.1],[-123.8,39.4],[-123.8,39.5],[-123.8,39.6],[-123.8,39.8],[-123.9,39.9],[-124.1,40.1],[-124.3,40.3],[-124.4,40.4],[-124.4,40.5],[-124.3,40.6],[-124.3,40.7],[-124.3,40.7],[-124.2,40.7],[-124.3,40.7],[-124.2,40.7],[-124.2,40.7],[-124.2,40.8],[-124.2,40.8],[-124.2,40.8],[-124.2,40.8],[-124.1,41.0],[-124.1,41.2],[-124.1,41.4],[-124.1,41.5],[-124.1,41.6],[-124.2,41.7],[-124.2,41.8],[-124.2,41.9],[-124.2,42.0],[-124.4,42.1],[-124.4,42.3],[-124.4,42.4],[-124.4,42.6],[-124.4,42.7],[-124.5,42.8],[-124.5,42.9],[-124.5,43.0],[-124.3,43.3],[-124.3,43.4],[-124.3,43.4],[-124.2,43.4],[-124.2,43.4],[-124.3,43.4],[-124.2,43.5],[-124.2,43.7],[-124.1,43.7],[-124.1,44.1],[-124.1,44.3],[-124.0,44.4],[-124.1,44.5],[-124.0,44.6],[-124.1,44.8],[-123.9,45.4],[-124.0,45.5],[-123.9,45.6],[-124.0,45.8],[-123.9,46.1],[-124.0,46.2],[-124.0,46.2],[-124.0,46.2],[-123.9,46.2],[-123.7,46.2],[-123.5,46.2],[-123.5,46.2],[-123.4,46.2],[-123.3,46.1],[-123.2,46.2],[-123.3,46.2],[-123.3,46.2],[-123.4,46.2],[-123.5,46.3],[-123.7,46.3],[-123.7,46.3],[-123.9,46.3],[-124.0,46.3],[-124.1,46.3],[-124.0,46.4],[-124.1,46.5],[-124.0,46.6],[-124.0,46.5],[-123.9,46.4],[-123.9,46.5],[-123.9,46.7],[-124.0,46.7],[-124.1,46.7],[-124.1,46.9],[-123.8,47.0],[-124.0,47.0],[-124.0,47.0],[-124.1,47.0],[-124.1,47.0],[-124.1,47.0],[-124.2,47.0],[-124.2,47.1],[-124.2,47.2],[-124.3,47.4],[-124.4,47.7],[-124.5,47.8],[-124.6,47.9],[-124.7,48.0],[-124.7,48.2],[-124.7,48.3],[-124.7,48.4],[-124.6,48.4],[-124.4,48.3],[-124.2,48.2],[-124.1,48.2],[-124.0,48.2],[-123.3,48.1],[-123.2,48.1],[-123.2,48.2],[-123.1,48.2],[-123.0,48.1],[-123.0,48.1],[-122.9,48.1],[-122.9,48.1],[-122.8,48.1],[-122.8,48.1],[-122.8,48.1],[-122.7,48.0],[-122.7,47.9],[-122.7,47.9],[-122.8,47.7],[-122.8,47.7],[-122.8,47.8],[-122.8,47.8],[-123.1,47.6],[-123.1,47.4],[-123.1,47.4],[-123.1,47.4],[-123.1,47.3],[-123.0,47.4],[-122.9,47.4],[-122.9,47.4],[-123.0,47.4],[-123.1,47.4],[-123.1,47.5],[-123.0,47.5],[-123.0,47.6],[-122.9,47.6],[-122.8,47.7],[-122.8,47.7],[-122.7,47.8],[-122.6,47.8],[-122.6,47.9],[-122.6,47.9],[-122.6,47.9],[-122.5,47.9],[-122.5,47.8],[-122.5,47.8],[-122.6,47.7],[-122.6,47.7],[-122.6,47.6],[-122.6,47.6],[-122.7,47.6],[-122.7,47.6],[-122.6,47.5],[-122.6,47.5],[-122.6,47.4],[-122.6,47.3],[-122.6,47.3],[-122.6,47.3],[-122.7,47.3],[-122.7,47.3],[-122.8,47.2],[-122.8,47.2],[-122.8,47.3],[-122.8,47.3],[-122.9,47.3],[-123.0,47.2],[-123.0,47.2],[-123.0,47.1],[-122.9,47.1],[-122.8,47.1],[-122.7,47.1],[-122.7,47.1],[-122.6,47.1],[-122.6,47.2],[-122.5,47.3],[-122.5,47.3],[-122.5,47.3],[-122.4,47.3],[-122.4,47.4],[-122.4,47.4],[-122.4,47.5],[-122.4,47.6],[-122.4,47.6],[-122.4,47.7],[-122.4,47.7],[-122.4,47.7],[-122.4,47.8],[-122.4,47.8],[-122.4,47.8],[-122.3,47.9],[-122.3,47.9],[-122.2,48.0],[-122.3,48.0],[-122.3,48.1],[-122.4,48.1],[-122.4,48.2],[-122.4,48.2],[-122.4,48.2],[-122.4,48.1],[-122.4,48.1],[-122.5,48.1],[-122.5,48.2],[-122.5,48.2],[-122.5,48.2],[-122.5,48.3],[-122.4,48.3],[-122.4,48.3],[-122.5,48.4],[-122.5,48.4],[-122.6,48.4],[-122.6,48.4],[-122.7,48.4],[-122.7,48.5],[-122.7,48.5],[-122.6,48.5],[-122.5,48.5],[-122.5,48.5],[-122.5,48.5],[-122.5,48.6],[-122.5,48.7],[-122.5,48.8],[-122.6,48.8],[-122.6,48.8],[-122.6,48.8],[-122.7,48.8],[-122.7,48.8],[-122.7,48.9],[-122.8,49.0],[-122.7,49.0],[-122.3,49.0],[-121.8,49.0],[-121.4,49.0],[-121.0,49.0],[-120.6,49.0],[-120.1,49.0],[-119.7,49.0],[-119.3,49.0],[-118.8,49.0],[-118.4,49.0],[-118.0,49.0],[-117.6,49.0],[-117.1,49.0],[-116.7,49.0],[-116.3,49.0],[-115.9,49.0],[-115.4,49.0],[-115.0,49.0],[-114.6,49.0],[-114.2,49.0],[-113.7,49.0],[-113.3,49.0],[-112.9,49.0],[-112.5,49.0],[-112.0,49.0],[-111.6,49.0],[-111.2,49.0],[-110.7,49.0],[-110.3,49.0],[-109.9,49.0],[-109.5,49.0],[-109.0,49.0],[-108.6,49.0],[-108.2,49.0],[-107.8,49.0],[-107.3,49.0],[-106.9,49.0],[-106.5,49.0],[-106.1,49.0],[-105.6,49.0],[-105.2,49.0],[-104.8,49.0],[-104.4,49.0],[-103.9,49.0],[-103.5,49.0],[-103.1,49.0],[-102.6,49.0],[-102.2,49.0],[-101.8,49.0],[-101.4,49.0],[-100.9,49.0],[-100.5,49.0],[-100.1,49.0],[-99.7,49.0],[-99.2,49.0],[-98.8,49.0],[-98.4,49.0],[-98.0,49.0],[-97.5,49.0],[-97.1,49.0],[-96.7,49.0],[-96.3,49.0],[-95.8,49.0],[-95.4,49.0],[-95.2,49.0],[-95.2,49.2],[-95.2,49.4],[-94.9,49.3],[-94.9,49.3],[-94.9,49.3],[-94.9,49.3],[-94.8,49.1],[-94.8,49.0],[-94.7,48.9],[-94.7,48.9],[-94.7,48.8],[-94.7,48.8],[-94.6,48.7],[-94.4,48.7],[-94.1,48.7],[-93.9,48.6],[-93.8,48.5],[-93.7,48.5],[-93.6,48.5],[-93.5,48.6],[-93.4,48.6],[-93.3,48.6],[-93.2,48.6],[-93.1,48.6],[-93.0,48.6],[-92.8,48.6],[-92.7,48.5],[-92.6,48.5],[-92.5,48.4],[-92.5,48.4],[-92.4,48.3],[-92.3,48.3],[-92.3,48.3],[-92.2,48.3],[-92.0,48.3],[-91.9,48.2],[-91.6,48.1],[-91.5,48.1],[-91.4,48.1],[-91.2,48.1],[-91.0,48.2],[-90.9,48.2],[-90.8,48.2],[-90.8,48.1],[-90.7,48.1],[-90.6,48.1],[-90.3,48.1],[-90.1,48.1],[-90.0,48.1],[-90.0,48.0],[-89.9,48.0],[-89.8,48.0],[-89.6,48.0],[-89.5,48.0],[-89.3,48.0],[-89.2,48.0],[-89.1,48.1],[-88.9,48.2],[-88.6,48.3],[-88.4,48.3],[-88.2,48.2],[-88.0,48.2],[-87.9,48.1],[-87.7,48.1],[-87.5,48.0],[-87.2,47.8],[-86.9,47.7],[-86.7,47.6],[-86.5,47.6],[-86.4,47.5],[-86.2,47.5],[-86.0,47.4],[-85.8,47.3],[-85.7,47.2],[-85.5,47.1],[-85.3,47.1],[-85.1,47.0],[-84.9,46.9],[-84.8,46.8],[-84.8,46.6],[-84.7,46.5],[-84.6,46.5],[-84.5,46.5],[-84.4,46.5],[-84.4,46.5],[-84.3,46.5],[-84.2,46.5],[-84.1,46.5],[-84.1,46.5],[-84.1,46.5],[-84.1,46.5],[-84.2,46.4],[-84.1,46.4],[-84.1,46.3],[-84.1,46.2],[-84.0,46.1],[-84.0,46.1],[-83.9,46.1],[-83.8,46.1],[-83.7,46.1],[-83.6,46.1],[-83.5,46.1],[-83.5,46.0],[-83.5,46.0],[-83.6,45.8],[-83.4,45.7],[-83.2,45.6],[-82.9,45.5],[-82.8,45.4],[-82.6,45.3],[-82.5,45.2],[-82.5,45.1],[-82.4,44.9],[-82.4,44.7],[-82.4,44.6],[-82.3,44.4],[-82.3,44.2],[-82.2,44.0],[-82.2,43.8],[-82.1,43.6],[-82.2,43.5],[-82.3,43.3],[-82.4,43.1],[-82.4,43.0],[-82.5,42.7],[-82.5,42.6],[-82.6,42.6],[-82.7,42.5],[-82.9,42.4],[-83.0,42.3],[-83.1,42.3],[-83.1,42.3],[-83.1,42.1],[-83.1,42.0],[-83.0,41.8],[-82.9,41.8],[-82.7,41.7],[-82.4,41.7],[-82.2,41.8],[-82.0,41.9],[-81.8,42.0],[-81.5,42.1],[-81.3,42.2],[-81.0,42.2],[-80.7,42.3],[-80.2,42.4],[-80.0,42.4],[-79.8,42.5],[-79.4,42.7],[-79.2,42.7],[-79.0,42.8],[-78.9,42.9],[-78.9,42.9],[-78.9,42.9],[-78.9,43.0],[-79.0,43.0],[-79.0,43.0],[-79.0,43.0],[-79.0,43.1],[-79.0,43.1],[-79.1,43.1],[-79.1,43.3],[-79.1,43.3],[-79.2,43.5],[-79.0,43.5],[-78.8,43.6],[-78.7,43.6],[-78.5,43.6],[-78.2,43.6],[-77.9,43.6],[-77.6,43.6],[-77.3,43.6],[-77.1,43.6],[-76.8,43.6],[-76.7,43.8],[-76.6,43.9],[-76.5,44.1],[-76.2,44.2],[-76.2,44.2],[-76.2,44.3],[-76.0,44.4],[-75.9,44.4],[-75.8,44.5],[-75.8,44.5],[-75.4,44.8],[-75.2,44.9],[-75.0,45.0],[-74.9,45.0],[-74.8,45.0],[-74.7,45.0]]],[[[-72.5,41.0],[-72.6,40.9],[-72.5,40.9],[-72.5,40.9],[-72.4,41.0],[-72.3,41.0],[-72.2,41.0],[-72.2,41.1],[-72.1,41.0],[-72.0,41.0],[-71.9,41.1],[-72.3,40.9],[-72.4,40.9],[-72.6,40.8],[-72.7,40.8],[-72.8,40.8],[-73.2,40.7],[-73.2,40.7],[-73.3,40.7],[-73.6,40.6],[-73.8,40.6],[-73.9,40.6],[-73.8,40.6],[-73.8,40.6],[-73.8,40.7],[-73.9,40.7],[-73.9,40.6],[-74.0,40.6],[-74.0,40.6],[-74.0,40.7],[-74.0,40.7],[-73.9,40.8],[-73.8,40.8],[-73.7,40.9],[-73.7,40.8],[-73.6,40.9],[-73.6,40.9],[-73.6,40.9],[-73.5,40.9],[-73.4,40.9],[-73.4,40.9],[-73.4,40.9],[-73.3,40.9],[-73.2,40.9],[-73.1,41.0],[-73.0,41.0],[-72.8,41.0],[-72.6,41.0],[-72.5,41.0],[-72.4,41.1],[-72.3,41.2],[-72.4,41.0],[-72.5,41.0]]],[[[-68.2,44.3],[-68.2,44.3],[-68.3,44.3],[-68.3,44.3],[-68.3,44.2],[-68.4,44.3],[-68.4,44.3],[-68.4,44.4],[-68.3,44.4],[-68.3,44.5],[-68.2,44.4],[-68.2,44.4],[-68.2,44.3]]],[[[-74.2,40.5],[-74.2,40.5],[-74.2,40.6],[-74.1,40.7],[-74.1,40.6],[-74.1,40.6],[-74.1,40.6],[-74.1,40.5],[-74.2,40.5]]],[[[-70.5,41.4],[-70.8,41.3],[-70.8,41.4],[-70.8,41.4],[-70.7,41.4],[-70.6,41.5],[-70.5,41.4],[-70.5,41.4]]],[[[-71.2,41.5],[-71.3,41.5],[-71.3,41.5],[-71.3,41.5],[-71.3,41.6],[-71.3,41.6],[-71.3,41.6],[-71.2,41.7],[-71.2,41.5]]],[[[-70.0,41.3],[-70.1,41.2],[-70.2,41.3],[-70.1,41.3],[-70.1,41.3],[-70.0,41.4],[-70.0,41.4],[-70.0,41.3],[-70.0,41.3]]],[[[-75.6,35.9],[-75.7,35.8],[-75.7,35.9],[-75.6,35.9],[-75.6,35.9],[-75.6,35.9]]],[[[-75.5,35.2],[-75.7,35.2],[-75.7,35.2],[-75.5,35.3],[-75.5,35.5],[-75.5,35.6],[-75.5,35.7],[-75.5,35.8],[-75.5,35.7],[-75.5,35.6],[-75.5,35.4],[-75.5,35.3],[-75.5,35.2]]],[[[-75.8,35.2],[-76.0,35.1],[-76.0,35.1],[-75.9,35.2],[-75.8,35.2]]],[[[-76.5,34.6],[-76.5,34.6],[-76.4,34.8],[-76.3,34.9],[-76.2,34.9],[-76.4,34.8],[-76.5,34.6]]],[[[-82.0,26.5],[-82.1,26.4],[-82.1,26.4],[-82.2,26.5],[-82.2,26.5],[-82.1,26.5],[-82.1,26.5],[-82.0,26.5]]],[[[-82.1,26.6],[-82.1,26.5],[-82.1,26.6],[-82.2,26.7],[-82.1,26.7],[-82.1,26.6]]],[[[-80.4,25.1],[-80.6,25.0],[-80.6,25.0],[-80.5,25.1],[-80.5,25.1],[-80.4,25.2],[-80.4,25.2],[-80.4,25.3],[-80.3,25.3],[-80.3,25.3],[-80.4,25.1]]],[[[-91.8,29.5],[-91.8,29.5],[-92.0,29.6],[-92.0,29.6],[-91.9,29.6],[-91.9,29.6],[-91.8,29.6],[-91.8,29.6],[-91.8,29.6],[-91.8,29.5],[-91.8,29.5]]],[[[-97.0,27.9],[-97.0,27.9],[-97.0,28.0],[-97.0,28.0],[-96.9,28.1],[-96.9,28.1],[-96.8,28.1],[-96.9,28.0],[-97.0,27.9]]],[[[-96.8,28.2],[-96.8,28.1],[-96.8,28.2],[-96.7,28.2],[-96.5,28.3],[-96.5,28.3],[-96.4,28.4],[-96.4,28.4],[-96.4,28.3],[-96.5,28.3],[-96.8,28.2]]],[[[-97.4,27.3],[-97.4,27.2],[-97.4,27.3],[-97.3,27.5],[-97.1,27.8],[-97.1,27.8],[-97.3,27.5],[-97.4,27.3]]],[[[-95.0,29.1],[-95.1,29.1],[-94.9,29.3],[-94.8,29.3],[-94.8,29.3],[-94.9,29.3],[-95.0,29.1]]],[[[-97.2,26.2],[-97.2,26.1],[-97.3,26.3],[-97.4,26.8],[-97.4,27.1],[-97.4,27.2],[-97.4,26.8],[-97.2,26.3],[-97.2,26.2]]],[[[-120.3,34.0],[-120.4,34.0],[-120.4,34.0],[-120.4,34.1],[-120.4,34.1],[-120.4,34.1],[-120.3,34.0]]],[[[-119.4,33.2],[-119.5,33.2],[-119.5,33.2],[-119.6,33.3],[-119.5,33.3],[-119.5,33.3],[-119.4,33.2],[-119.4,33.2]]],[[[-118.4,32.8],[-118.4,32.8],[-118.5,32.8],[-118.5,32.9],[-118.6,33.0],[-118.6,33.0],[-118.5,33.0],[-118.4,32.8],[-118.4,32.8]]],[[[-120.0,33.9],[-120.1,33.9],[-120.2,33.9],[-120.3,34.0],[-120.1,34.0],[-120.0,34.0],[-120.0,34.0],[-120.0,33.9]]],[[[-119.9,34.1],[-119.7,34.0],[-119.6,34.1],[-119.5,34.0],[-119.6,34.0],[-119.8,34.0],[-119.9,34.0],[-119.9,34.0],[-119.9,34.1],[-119.9,34.1]]],[[[-118.3,33.4],[-118.3,33.3],[-118.4,33.3],[-118.4,33.3],[-118.5,33.4],[-118.5,33.4],[-118.5,33.4],[-118.6,33.4],[-118.6,33.4],[-118.6,33.5],[-118.6,33.5],[-118.4,33.4],[-118.3,33.4]]],[[[-122.8,48.7],[-122.8,48.7],[-122.8,48.6],[-122.8,48.6],[-122.9,48.7],[-122.9,48.7],[-122.9,48.6],[-122.9,48.6],[-123.0,48.6],[-123.0,48.7],[-123.0,48.7],[-122.9,48.7],[-122.9,48.7],[-122.8,48.7]]],[[[-123.0,48.5],[-123.0,48.5],[-123.1,48.5],[-123.1,48.5],[-123.2,48.5],[-123.2,48.6],[-123.2,48.6],[-123.1,48.6],[-123.0,48.5],[-123.0,48.5]]],[[[-122.6,48.2],[-122.5,48.0],[-122.5,48.1],[-122.4,48.0],[-122.4,47.9],[-122.4,47.9],[-122.4,47.9],[-122.4,47.9],[-122.5,48.0],[-122.5,48.0],[-122.6,48.0],[-122.6,48.0],[-122.6,48.1],[-122.6,48.1],[-122.6,48.2],[-122.7,48.2],[-122.7,48.2],[-122.7,48.2],[-122.7,48.2],[-122.7,48.3],[-122.7,48.4],[-122.6,48.4],[-122.6,48.4],[-122.6,48.4],[-122.5,48.3],[-122.5,48.3],[-122.7,48.2],[-122.7,48.2],[-122.6,48.2],[-122.6,48.2],[-122.6,48.2]]],[[[-71.4,41.5],[-71.4,41.5],[-71.4,41.5],[-71.4,41.6],[-71.4,41.6],[-71.4,41.5],[-71.4,41.5]]],[[[-74.1,39.7],[-74.3,39.5],[-74.3,39.6],[-74.1,39.7],[-74.1,39.7]]],[[[-75.3,37.9],[-75.4,37.9],[-75.2,38.1],[-75.1,38.2],[-75.1,38.3],[-75.1,38.2],[-75.2,38.1],[-75.3,37.9]]],[[[-76.5,34.7],[-76.6,34.7],[-76.6,34.7],[-76.7,34.7],[-76.7,34.7],[-76.6,34.7],[-76.5,34.7]]],[[[-81.3,24.7],[-81.4,24.6],[-81.4,24.6],[-81.4,24.7],[-81.4,24.7],[-81.4,24.8],[-81.3,24.7],[-81.3,24.7],[-81.3,24.7]]],[[[-80.8,24.8],[-80.8,24.8],[-80.8,24.8],[-80.8,24.8],[-80.8,24.8],[-80.8,24.8],[-80.8,24.8]]],[[[-80.6,24.9],[-80.7,24.9],[-80.6,24.9],[-80.6,24.9],[-80.6,24.9]]],[[[-81.0,24.7],[-81.1,24.7],[-81.1,24.7],[-81.1,24.7],[-80.9,24.8],[-81.0,24.7],[-81.0,24.7]]],[[[-81.4,31.0],[-81.5,30.7],[-81.5,30.8],[-81.5,30.9],[-81.5,30.9],[-81.4,31.0]]],[[[-81.6,24.6],[-81.6,24.6],[-81.6,24.6],[-81.6,24.7],[-81.5,24.6],[-81.5,24.6],[-81.6,24.6]]],[[[-80.2,27.3],[-80.2,27.2],[-80.3,27.4],[-80.4,27.6],[-80.4,27.9],[-80.4,27.8],[-80.4,27.7],[-80.2,27.3]]],[[[-81.8,24.5],[-81.8,24.5],[-81.8,24.6],[-81.8,24.6],[-81.7,24.6],[-81.7,24.6],[-81.8,24.5]]],[[[-88.9,29.7],[-88.9,29.7],[-88.9,29.7],[-88.9,29.7],[-88.9,29.8],[-88.9,29.7]]],[[[-88.6,30.2],[-88.6,30.2],[-88.7,30.2],[-88.7,30.2],[-88.7,30.3],[-88.6,30.2],[-88.6,30.2]]],[[[-88.1,30.3],[-88.2,30.2],[-88.3,30.2],[-88.3,30.2],[-88.3,30.3],[-88.1,30.3],[-88.1,30.3]]],[[[-89.2,30.1],[-89.2,30.0],[-89.3,30.1],[-89.3,30.1],[-89.3,30.1],[-89.3,30.1],[-89.3,30.1],[-89.2,30.2],[-89.2,30.1],[-89.2,30.1]]],[[[-88.8,29.8],[-88.9,29.8],[-88.8,29.9],[-88.9,30.1],[-88.8,30.0],[-88.8,29.9],[-88.8,29.8]]],[[[-84.9,29.6],[-85.0,29.6],[-85.1,29.6],[-85.0,29.6],[-85.0,29.6],[-84.9,29.7],[-84.8,29.7],[-84.7,29.7],[-84.9,29.6]]],[[[-122.9,47.2],[-122.9,47.2],[-122.9,47.2],[-122.9,47.2],[-122.9,47.3],[-122.9,47.3],[-122.8,47.2],[-122.9,47.2]]],[[[-122.4,47.4],[-122.4,47.4],[-122.4,47.4],[-122.5,47.4],[-122.5,47.4],[-122.5,47.4],[-122.5,47.4],[-122.5,47.4],[-122.5,47.5],[-122.5,47.5],[-122.4,47.4],[-122.4,47.4]]],[[[-122.5,47.6],[-122.5,47.6],[-122.6,47.6],[-122.6,47.6],[-122.6,47.7],[-122.6,47.7],[-122.5,47.7],[-122.5,47.7],[-122.5,47.7],[-122.5,47.6]]],[[[-122.8,48.4],[-122.8,48.4],[-122.9,48.4],[-122.9,48.5],[-122.9,48.5],[-122.9,48.5],[-122.9,48.6],[-122.9,48.5],[-122.9,48.5],[-122.8,48.5],[-122.8,48.4]]],[[[-68.6,44.2],[-68.7,44.2],[-68.7,44.2],[-68.7,44.2],[-68.7,44.2],[-68.7,44.3],[-68.7,44.2],[-68.6,44.2]]]]}},{"type":"Feature","properties":{"name":"Thailand","iso":"THA"},"geometry":{"type":"MultiPolygon","coordinates":[[[[102.6,11.7],[102.6,11.6],[102.5,11.6],[102.5,11.7],[102.6,11.7],[102.6,11.7]]],[[[102.4,12.0],[102.4,12.0],[102.4,12.0],[102.4,12.0],[102.3,12.0],[102.3,12.1],[102.3,12.2],[102.3,12.1],[102.4,12.1],[102.4,12.0],[102.4,12.0]]],[[[98.4,7.9],[98.4,7.8],[98.4,7.8],[98.3,7.8],[98.3,7.8],[98.3,7.9],[98.3,8.1],[98.3,8.2],[98.4,8.1],[98.4,8.1],[98.4,8.0],[98.4,7.9]]],[[[100.1,20.3],[100.1,20.3],[100.1,20.2],[100.2,20.3],[100.2,20.3],[100.3,20.4],[100.3,20.4],[100.4,20.3],[100.4,20.2],[100.5,20.2],[100.5,20.2],[100.5,20.1],[100.5,20.1],[100.5,20.0],[100.5,19.9],[100.4,19.8],[100.4,19.6],[100.5,19.6],[100.6,19.5],[100.7,19.5],[100.8,19.5],[100.9,19.6],[100.9,19.6],[101.0,19.6],[101.2,19.6],[101.2,19.5],[101.2,19.5],[101.2,19.3],[101.2,19.2],[101.3,19.1],[101.3,19.0],[101.2,18.8],[101.2,18.6],[101.1,18.5],[101.1,18.5],[101.0,18.4],[101.1,18.4],[101.1,18.4],[101.1,18.3],[101.1,18.2],[101.1,18.1],[101.1,18.0],[101.0,17.8],[100.9,17.6],[101.0,17.5],[101.0,17.5],[101.1,17.5],[101.2,17.5],[101.3,17.6],[101.4,17.7],[101.6,17.8],[101.6,17.8],[101.7,17.9],[101.7,18.0],[101.8,18.0],[101.8,18.1],[101.9,18.0],[101.9,18.1],[102.0,18.2],[102.1,18.2],[102.1,18.2],[102.2,18.1],[102.4,18.0],[102.5,18.0],[102.6,18.0],[102.6,17.9],[102.6,17.9],[102.6,17.8],[102.7,17.8],[102.7,17.8],[102.7,17.9],[102.7,17.9],[102.8,17.9],[102.9,18.0],[103.0,18.0],[103.1,18.0],[103.1,18.1],[103.1,18.2],[103.2,18.3],[103.3,18.3],[103.3,18.3],[103.2,18.3],[103.3,18.4],[103.3,18.4],[103.4,18.4],[103.5,18.4],[103.6,18.4],[103.8,18.3],[103.9,18.3],[103.9,18.3],[104.0,18.2],[104.2,18.0],[104.3,17.8],[104.4,17.7],[104.5,17.6],[104.7,17.5],[104.7,17.5],[104.8,17.3],[104.8,17.1],[104.7,16.9],[104.8,16.6],[104.8,16.5],[104.9,16.3],[105.0,16.2],[105.0,16.2],[105.1,16.1],[105.3,16.0],[105.4,16.0],[105.4,15.9],[105.4,15.9],[105.4,15.8],[105.5,15.8],[105.6,15.7],[105.6,15.7],[105.6,15.7],[105.6,15.6],[105.6,15.5],[105.6,15.4],[105.5,15.4],[105.5,15.3],[105.5,15.3],[105.5,15.1],[105.5,15.0],[105.5,14.9],[105.5,14.8],[105.5,14.7],[105.5,14.6],[105.5,14.5],[105.4,14.5],[105.3,14.4],[105.2,14.4],[105.2,14.3],[105.2,14.3],[105.1,14.3],[105.1,14.2],[105.0,14.2],[105.0,14.3],[105.0,14.3],[105.0,14.4],[104.9,14.4],[104.8,14.4],[104.6,14.4],[104.4,14.4],[104.2,14.4],[104.1,14.4],[104.0,14.4],[103.9,14.4],[103.8,14.4],[103.7,14.4],[103.6,14.4],[103.5,14.4],[103.4,14.4],[103.3,14.4],[103.2,14.3],[103.0,14.3],[102.9,14.1],[102.9,14.1],[102.8,14.0],[102.7,13.8],[102.6,13.7],[102.5,13.7],[102.6,13.6],[102.5,13.6],[102.4,13.6],[102.3,13.6],[102.3,13.5],[102.3,13.3],[102.4,13.2],[102.4,13.1],[102.5,13.0],[102.5,12.8],[102.5,12.7],[102.6,12.6],[102.7,12.5],[102.8,12.4],[102.7,12.4],[102.7,12.3],[102.7,12.1],[102.9,11.7],[102.9,11.7],[102.9,11.7],[102.9,11.8],[102.8,11.9],[102.8,12.0],[102.7,12.1],[102.6,12.2],[102.6,12.2],[102.5,12.1],[102.4,12.2],[102.3,12.3],[102.3,12.4],[102.2,12.4],[102.2,12.3],[102.1,12.4],[102.0,12.5],[101.9,12.6],[101.9,12.6],[101.8,12.6],[101.7,12.7],[101.4,12.6],[101.1,12.7],[101.0,12.6],[100.9,12.7],[100.9,12.7],[100.9,12.8],[100.9,13.0],[100.9,13.2],[100.9,13.3],[100.9,13.4],[101.0,13.4],[100.9,13.5],[100.7,13.5],[100.6,13.6],[100.5,13.5],[100.2,13.5],[100.1,13.4],[100.0,13.4],[100.0,13.2],[100.1,13.2],[100.1,13.0],[100.0,12.8],[100.0,12.7],[100.0,12.4],[100.0,12.2],[99.9,12.0],[99.8,11.9],[99.8,11.7],[99.7,11.7],[99.6,11.5],[99.6,11.2],[99.5,11.1],[99.5,10.9],[99.3,10.6],[99.2,10.4],[99.2,10.3],[99.2,10.3],[99.2,10.2],[99.2,9.9],[99.2,9.7],[99.2,9.6],[99.3,9.4],[99.3,9.4],[99.3,9.3],[99.3,9.2],[99.4,9.2],[99.7,9.3],[99.8,9.3],[99.9,9.2],[99.9,9.1],[100.0,8.7],[100.0,8.6],[100.1,8.5],[100.1,8.4],[100.2,8.4],[100.2,8.5],[100.2,8.5],[100.2,8.4],[100.3,8.3],[100.5,7.4],[100.5,7.3],[100.5,7.2],[100.4,7.3],[100.4,7.5],[100.4,7.5],[100.3,7.6],[100.3,7.6],[100.3,7.6],[100.3,7.6],[100.3,7.7],[100.3,7.8],[100.2,7.7],[100.2,7.6],[100.2,7.5],[100.4,7.3],[100.4,7.2],[100.5,7.2],[100.6,7.2],[100.7,7.1],[100.8,7.0],[101.0,6.9],[101.2,6.9],[101.3,6.9],[101.4,6.9],[101.5,6.9],[101.6,6.8],[101.8,6.5],[102.1,6.2],[102.1,6.2],[102.1,6.1],[101.9,6.0],[101.9,5.9],[101.9,5.8],[101.8,5.8],[101.7,5.8],[101.7,5.8],[101.7,5.8],[101.6,5.9],[101.6,5.9],[101.6,5.9],[101.4,5.9],[101.3,5.8],[101.2,5.7],[101.2,5.7],[101.1,5.6],[101.1,5.6],[101.1,5.7],[101.0,5.7],[101.0,5.8],[101.0,5.8],[101.1,6.0],[101.1,6.0],[101.1,6.2],[101.1,6.2],[101.0,6.2],[101.0,6.3],[100.9,6.2],[100.8,6.3],[100.8,6.4],[100.8,6.5],[100.7,6.5],[100.6,6.4],[100.6,6.5],[100.3,6.5],[100.3,6.7],[100.2,6.7],[100.2,6.7],[100.2,6.6],[100.1,6.5],[100.1,6.4],[99.9,6.7],[99.7,6.9],[99.7,7.1],[99.7,7.2],[99.6,7.2],[99.6,7.2],[99.6,7.4],[99.5,7.3],[99.4,7.3],[99.4,7.4],[99.3,7.6],[99.3,7.6],[99.2,7.7],[99.1,7.7],[99.0,7.8],[99.1,7.9],[99.0,8.0],[98.9,8.0],[98.8,8.1],[98.7,8.3],[98.6,8.3],[98.6,8.3],[98.5,8.3],[98.5,8.2],[98.4,8.2],[98.4,8.2],[98.3,8.2],[98.2,8.4],[98.2,8.5],[98.2,8.8],[98.3,9.0],[98.4,9.3],[98.4,9.5],[98.5,9.6],[98.6,9.8],[98.7,10.2],[98.7,10.3],[98.7,10.4],[98.8,10.4],[98.8,10.6],[98.8,10.6],[98.8,10.7],[98.8,10.7],[98.9,10.8],[99.0,10.9],[99.2,11.1],[99.4,11.4],[99.4,11.6],[99.5,11.6],[99.5,11.6],[99.6,11.7],[99.6,11.7],[99.6,11.8],[99.5,12.1],[99.5,12.2],[99.4,12.3],[99.4,12.4],[99.4,12.5],[99.4,12.5],[99.4,12.6],[99.3,12.7],[99.2,12.7],[99.2,12.9],[99.2,13.0],[99.1,13.0],[99.1,13.1],[99.1,13.2],[99.2,13.2],[99.2,13.5],[99.2,13.6],[99.1,13.7],[99.1,13.8],[99.0,13.9],[98.9,14.0],[98.7,14.2],[98.6,14.4],[98.5,14.5],[98.4,14.6],[98.3,14.7],[98.2,14.8],[98.2,15.0],[98.2,15.1],[98.2,15.2],[98.2,15.2],[98.3,15.3],[98.3,15.3],[98.5,15.4],[98.5,15.4],[98.6,15.4],[98.6,15.4],[98.6,15.6],[98.6,15.8],[98.6,15.9],[98.6,16.1],[98.8,16.2],[98.9,16.2],[98.9,16.3],[98.9,16.4],[98.9,16.4],[98.8,16.4],[98.7,16.3],[98.7,16.3],[98.6,16.5],[98.6,16.6],[98.5,16.6],[98.5,16.7],[98.5,16.9],[98.4,17.0],[98.3,17.1],[98.2,17.2],[98.1,17.4],[97.9,17.5],[97.8,17.7],[97.7,17.8],[97.7,17.8],[97.7,17.8],[97.7,17.9],[97.7,18.0],[97.7,18.2],[97.6,18.3],[97.6,18.3],[97.6,18.3],[97.5,18.3],[97.5,18.4],[97.4,18.5],[97.4,18.5],[97.4,18.5],[97.5,18.5],[97.5,18.5],[97.6,18.5],[97.7,18.6],[97.7,18.6],[97.7,18.6],[97.8,18.6],[97.7,18.9],[97.7,19.0],[97.8,19.1],[97.8,19.3],[97.8,19.5],[97.9,19.6],[98.0,19.7],[98.0,19.7],[98.0,19.8],[98.1,19.8],[98.2,19.7],[98.3,19.7],[98.4,19.7],[98.5,19.7],[98.5,19.7],[98.8,19.8],[98.8,19.8],[98.9,19.8],[98.9,19.8],[99.0,19.8],[99.0,19.9],[99.0,20.0],[99.0,20.1],[99.1,20.1],[99.1,20.1],[99.2,20.1],[99.3,20.1],[99.3,20.1],[99.4,20.1],[99.5,20.1],[99.5,20.1],[99.5,20.2],[99.5,20.3],[99.4,20.4],[99.5,20.4],[99.5,20.3],[99.6,20.3],[99.7,20.3],[99.8,20.3],[99.8,20.4],[99.9,20.4],[100.0,20.4],[100.0,20.4],[100.1,20.3]]],[[[100.1,9.7],[100.1,9.7],[100.0,9.7],[100.0,9.7],[100.0,9.8],[100.0,9.8],[100.1,9.7],[100.1,9.7]]],[[[100.1,9.6],[100.1,9.5],[100.1,9.5],[100.0,9.4],[99.9,9.5],[99.9,9.6],[100.0,9.6],[100.0,9.6],[100.1,9.6]]],[[[99.7,6.5],[99.6,6.5],[99.6,6.6],[99.7,6.7],[99.7,6.6],[99.7,6.5]]],[[[98.6,7.9],[98.6,7.9],[98.5,8.1],[98.6,8.1],[98.6,7.9]]],[[[98.3,9.1],[98.3,9.0],[98.3,9.1],[98.3,9.1],[98.3,9.1],[98.3,9.1],[98.3,9.1]]],[[[99.1,7.6],[99.1,7.5],[99.1,7.5],[99.0,7.5],[99.0,7.6],[99.0,7.6],[99.1,7.6]]]]}},{"type":"Feature","properties":{"name":"South Korea","iso":"KOR"},"geometry":{"type":"MultiPolygon","coordinates":[[[[126.6,37.8],[126.7,37.8],[126.7,37.8],[126.7,37.9],[126.8,38.0],[126.9,38.1],[126.9,38.2],[127.0,38.2],[127.1,38.3],[127.2,38.3],[127.3,38.3],[127.5,38.3],[127.6,38.3],[127.7,38.3],[127.8,38.3],[127.9,38.3],[128.0,38.3],[128.1,38.3],[128.2,38.4],[128.2,38.4],[128.3,38.5],[128.3,38.6],[128.4,38.6],[128.6,38.2],[128.9,37.9],[129.1,37.7],[129.3,37.3],[129.4,37.1],[129.4,36.9],[129.5,36.7],[129.4,36.6],[129.4,36.5],[129.4,36.4],[129.4,36.3],[129.4,36.2],[129.4,36.1],[129.4,36.1],[129.4,36.0],[129.5,36.0],[129.5,36.0],[129.6,36.1],[129.6,35.9],[129.5,35.7],[129.4,35.5],[129.3,35.3],[129.2,35.2],[129.1,35.1],[129.0,35.1],[128.8,35.1],[128.6,35.1],[128.5,35.1],[128.5,35.1],[128.4,35.0],[128.4,34.9],[128.4,34.9],[128.4,34.9],[128.3,34.9],[128.2,34.9],[128.1,34.9],[128.0,35.0],[128.0,35.0],[127.9,35.0],[127.7,35.0],[127.7,34.9],[127.6,34.9],[127.7,34.8],[127.7,34.8],[127.7,34.7],[127.6,34.7],[127.6,34.8],[127.5,34.8],[127.5,34.8],[127.4,34.8],[127.4,34.7],[127.4,34.7],[127.5,34.6],[127.4,34.6],[127.4,34.5],[127.3,34.5],[127.2,34.5],[127.2,34.6],[127.3,34.7],[127.3,34.7],[127.2,34.8],[127.0,34.6],[126.9,34.4],[126.8,34.5],[126.8,34.5],[126.8,34.5],[126.6,34.4],[126.6,34.3],[126.5,34.3],[126.5,34.4],[126.5,34.4],[126.5,34.5],[126.3,34.6],[126.3,34.7],[126.3,34.7],[126.4,34.7],[126.5,34.7],[126.5,34.7],[126.5,34.8],[126.5,34.8],[126.6,34.8],[126.5,34.8],[126.5,34.8],[126.4,34.8],[126.4,34.9],[126.3,35.0],[126.3,35.2],[126.4,35.2],[126.4,35.3],[126.5,35.5],[126.5,35.5],[126.6,35.5],[126.6,35.6],[126.6,35.6],[126.5,35.6],[126.5,35.6],[126.5,35.7],[126.6,35.7],[126.7,35.8],[126.8,35.9],[126.7,35.9],[126.6,35.9],[126.7,36.0],[126.7,36.0],[126.7,36.0],[126.6,36.1],[126.5,36.2],[126.6,36.2],[126.5,36.3],[126.6,36.4],[126.5,36.5],[126.5,36.6],[126.5,36.7],[126.4,36.7],[126.4,36.7],[126.2,36.7],[126.2,36.7],[126.2,36.8],[126.2,36.9],[126.4,37.0],[126.4,37.0],[126.5,37.0],[126.6,37.0],[126.7,37.0],[126.8,36.9],[126.8,36.8],[126.9,36.8],[126.9,36.9],[127.0,36.9],[127.0,36.9],[127.0,37.0],[126.9,37.0],[126.8,37.1],[126.8,37.2],[126.7,37.2],[126.8,37.3],[126.7,37.4],[126.7,37.4],[126.7,37.6],[126.6,37.6],[126.6,37.7],[126.6,37.7],[126.6,37.7],[126.6,37.8],[126.6,37.8]]],[[[128.7,34.8],[128.6,34.7],[128.5,34.8],[128.5,34.9],[128.6,34.9],[128.7,35.0],[128.7,35.0],[128.7,34.8]]],[[[128.1,34.8],[128.1,34.7],[128.0,34.7],[127.9,34.8],[127.9,34.7],[127.9,34.7],[127.8,34.8],[127.8,34.9],[127.9,34.9],[128.0,34.9],[128.0,34.9],[128.1,34.8]]],[[[126.2,34.4],[126.2,34.4],[126.1,34.4],[126.1,34.4],[126.1,34.4],[126.2,34.5],[126.2,34.6],[126.3,34.5],[126.4,34.5],[126.3,34.4],[126.2,34.4]]],[[[126.5,37.7],[126.5,37.6],[126.5,37.6],[126.4,37.6],[126.4,37.6],[126.4,37.8],[126.4,37.8],[126.5,37.8],[126.5,37.7]]],[[[126.8,34.3],[126.8,34.3],[126.7,34.3],[126.6,34.4],[126.7,34.4],[126.7,34.4],[126.8,34.3]]],[[[127.8,34.6],[127.8,34.6],[127.7,34.6],[127.8,34.7],[127.8,34.6]]],[[[126.4,36.5],[126.4,36.4],[126.3,36.5],[126.3,36.6],[126.4,36.6],[126.4,36.5]]],[[[126.2,34.7],[126.2,34.7],[126.1,34.7],[126.1,34.8],[126.1,34.8],[126.0,34.9],[126.1,34.9],[126.2,34.8],[126.2,34.7]]],[[[130.9,37.5],[130.9,37.4],[130.8,37.5],[130.8,37.5],[130.8,37.5],[130.9,37.6],[130.9,37.5],[130.9,37.5]]],[[[126.3,33.2],[126.3,33.2],[126.2,33.2],[126.2,33.2],[126.2,33.3],[126.2,33.3],[126.2,33.4],[126.3,33.5],[126.7,33.5],[126.8,33.6],[126.9,33.5],[126.9,33.4],[126.9,33.4],[126.9,33.3],[126.7,33.3],[126.6,33.2],[126.3,33.2]]]]}},{"type":"Feature","properties":{"name":"Singapore","iso":"SGP"},"geometry":{"type":"Polygon","coordinates":[[[104.0,1.3],[103.8,1.3],[103.7,1.3],[103.7,1.4],[103.8,1.4],[103.9,1.4],[104.0,1.4],[104.0,1.4],[104.0,1.3]]]}},{"type":"Feature","properties":{"name":"Malaysia","iso":"MYS"},"geometry":{"type":"MultiPolygon","coordinates":[[[[100.1,6.4],[100.1,6.5],[100.2,6.6],[100.2,6.7],[100.2,6.7],[100.3,6.7],[100.3,6.5],[100.6,6.5],[100.6,6.4],[100.7,6.5],[100.8,6.5],[100.8,6.4],[100.8,6.3],[100.9,6.2],[101.0,6.3],[101.0,6.2],[101.1,6.2],[101.1,6.2],[101.1,6.0],[101.1,6.0],[101.0,5.8],[101.0,5.8],[101.0,5.7],[101.1,5.7],[101.1,5.6],[101.1,5.6],[101.2,5.7],[101.2,5.7],[101.3,5.8],[101.4,5.9],[101.6,5.9],[101.6,5.9],[101.6,5.9],[101.7,5.8],[101.7,5.8],[101.7,5.8],[101.8,5.8],[101.9,5.8],[101.9,5.9],[101.9,6.0],[102.1,6.1],[102.1,6.2],[102.1,6.2],[102.3,6.2],[102.3,6.2],[102.5,5.9],[102.8,5.6],[102.9,5.6],[103.0,5.5],[103.1,5.4],[103.2,5.3],[103.4,4.9],[103.5,4.7],[103.5,4.4],[103.4,4.0],[103.4,3.8],[103.4,3.7],[103.5,3.5],[103.4,3.4],[103.4,3.3],[103.4,2.9],[103.5,2.8],[103.5,2.8],[103.8,2.6],[103.8,2.5],[104.0,2.3],[104.2,1.7],[104.3,1.5],[104.3,1.4],[104.3,1.4],[104.2,1.4],[104.1,1.4],[104.1,1.4],[104.1,1.5],[104.1,1.5],[104.0,1.6],[104.0,1.6],[104.0,1.6],[104.0,1.5],[103.9,1.4],[103.8,1.5],[103.7,1.4],[103.5,1.3],[103.5,1.3],[103.4,1.4],[103.4,1.5],[103.4,1.5],[102.9,1.8],[102.7,1.9],[102.5,2.0],[102.1,2.2],[101.9,2.4],[101.8,2.6],[101.5,2.7],[101.4,2.8],[101.4,2.8],[101.3,2.9],[101.4,3.0],[101.3,3.1],[101.3,3.3],[101.1,3.5],[101.0,3.6],[100.9,3.8],[100.8,3.9],[100.7,4.0],[100.8,4.0],[100.8,4.0],[100.8,4.1],[100.7,4.2],[100.6,4.4],[100.6,4.7],[100.5,5.0],[100.4,5.6],[100.4,5.8],[100.3,6.0],[100.3,6.2],[100.2,6.3],[100.1,6.4]]],[[[117.6,4.2],[117.5,4.2],[117.5,4.2],[117.3,4.3],[117.1,4.3],[116.8,4.3],[116.7,4.4],[116.6,4.3],[116.6,4.3],[116.6,4.4],[116.5,4.4],[116.4,4.3],[116.4,4.3],[116.3,4.4],[116.2,4.4],[116.1,4.4],[116.0,4.3],[115.9,4.3],[115.9,4.3],[115.8,4.3],[115.8,4.3],[115.7,4.2],[115.6,4.1],[115.6,4.0],[115.6,3.9],[115.6,3.7],[115.5,3.6],[115.6,3.5],[115.6,3.4],[115.5,3.4],[115.5,3.3],[115.5,3.2],[115.5,3.2],[115.5,3.1],[115.5,3.0],[115.4,3.0],[115.3,3.0],[115.2,3.0],[115.2,3.0],[115.1,2.9],[115.1,2.8],[115.1,2.8],[115.1,2.8],[115.1,2.7],[115.1,2.7],[115.1,2.6],[115.1,2.6],[115.2,2.6],[115.2,2.5],[115.2,2.5],[115.1,2.4],[115.0,2.4],[114.8,2.3],[114.8,2.3],[114.8,2.2],[114.8,2.2],[114.8,2.1],[114.8,2.0],[114.8,2.0],[114.8,1.9],[114.8,1.9],[114.8,1.9],[114.7,1.9],[114.7,1.8],[114.7,1.7],[114.6,1.6],[114.6,1.5],[114.5,1.5],[114.5,1.5],[114.4,1.5],[114.3,1.5],[114.1,1.5],[114,1.5],[113.9,1.4],[113.8,1.4],[113.8,1.3],[113.7,1.3],[113.6,1.2],[113.5,1.3],[113.5,1.3],[113.4,1.3],[113.1,1.4],[113.1,1.4],[113.0,1.4],[113.0,1.5],[113.0,1.5],[113.0,1.5],[112.9,1.6],[112.5,1.6],[112.3,1.5],[112.3,1.5],[112.2,1.4],[112.2,1.3],[112.1,1.2],[112.1,1.1],[111.9,1.1],[111.8,1.0],[111.8,1.0],[111.7,1.0],[111.6,1.0],[111.5,1.0],[111.5,1.0],[111.3,1.0],[111.1,1.1],[111.0,1.0],[110.9,1.0],[110.6,0.9],[110.5,0.9],[110.5,0.9],[110.4,0.9],[110.3,1.0],[110.1,1.2],[110.0,1.2],[110.0,1.3],[109.9,1.3],[109.9,1.4],[109.8,1.4],[109.7,1.5],[109.7,1.6],[109.6,1.8],[109.6,1.8],[109.5,1.8],[109.5,1.9],[109.6,2.0],[109.7,1.9],[109.7,1.9],[109.9,1.8],[110.0,1.7],[110.1,1.7],[110.2,1.7],[110.3,1.7],[110.3,1.7],[110.4,1.7],[110.7,1.5],[110.8,1.5],[110.9,1.5],[110.9,1.5],[111.1,1.4],[111.1,1.4],[111.2,1.4],[111.1,1.4],[111.1,1.5],[111.0,1.6],[111.0,1.6],[111.1,1.7],[111.2,1.7],[111.2,1.9],[111.2,2.0],[111.3,2.1],[111.3,2.1],[111.2,2.2],[111.2,2.3],[111.2,2.4],[111.2,2.4],[111.3,2.4],[111.4,2.4],[111.4,2.4],[111.4,2.4],[111.5,2.4],[111.4,2.5],[111.4,2.6],[111.5,2.7],[111.6,2.8],[111.7,2.9],[112.1,2.9],[112.7,3.1],[112.9,3.1],[113.0,3.2],[113.0,3.2],[113.1,3.3],[113.3,3.6],[113.4,3.7],[113.7,4.0],[113.9,4.2],[114.0,4.3],[114.0,4.4],[114.0,4.5],[114.0,4.5],[114.0,4.6],[114.1,4.6],[114.1,4.6],[114.1,4.6],[114.2,4.5],[114.2,4.5],[114.3,4.4],[114.3,4.4],[114.3,4.3],[114.3,4.3],[114.4,4.3],[114.4,4.2],[114.5,4.1],[114.6,4.0],[114.6,4.0],[114.7,4.0],[114.7,4.1],[114.8,4.2],[114.8,4.3],[114.8,4.3],[114.8,4.4],[114.8,4.4],[114.8,4.4],[114.8,4.5],[114.8,4.6],[114.8,4.7],[114.7,4.7],[114.8,4.8],[114.9,4.8],[114.9,4.9],[115.0,4.9],[115.0,4.8],[115.0,4.7],[115.1,4.6],[115.1,4.4],[115.2,4.4],[115.2,4.3],[115.3,4.4],[115.3,4.4],[115.3,4.4],[115.3,4.5],[115.3,4.6],[115.2,4.8],[115.2,4.9],[115.1,4.9],[115.4,4.9],[115.4,5.0],[115.5,5.0],[115.6,5.1],[115.6,5.2],[115.5,5.3],[115.4,5.3],[115.4,5.4],[115.6,5.6],[115.6,5.6],[115.6,5.5],[115.7,5.5],[115.7,5.5],[115.8,5.5],[115.9,5.6],[115.9,5.7],[116.1,5.9],[116.1,6.0],[116.1,6.1],[116.5,6.5],[116.5,6.6],[116.7,7.0],[116.8,7.0],[116.8,7.0],[116.8,6.8],[116.8,6.8],[116.8,6.7],[116.8,6.6],[116.8,6.6],[116.9,6.7],[117.0,6.8],[117.1,6.9],[117.1,7.0],[117.2,6.9],[117.3,6.9],[117.2,6.8],[117.3,6.8],[117.3,6.7],[117.4,6.6],[117.5,6.6],[117.6,6.5],[117.6,6.5],[117.7,6.4],[117.7,6.3],[117.7,6.3],[117.6,6.2],[117.6,6.1],[117.6,6.0],[117.6,5.9],[117.5,5.9],[117.8,5.9],[117.9,6.0],[118.0,6.1],[118.1,6.0],[118.1,5.9],[118.1,5.8],[117.9,5.8],[117.9,5.8],[118.0,5.7],[118.0,5.7],[118.1,5.8],[118.2,5.8],[118.3,5.8],[118.4,5.8],[118.5,5.8],[118.5,5.7],[118.6,5.7],[118.6,5.6],[118.7,5.6],[119.0,5.4],[119.0,5.4],[119.0,5.4],[119.2,5.4],[119.2,5.4],[119.3,5.4],[119.3,5.3],[119.3,5.2],[119.2,5.2],[119.2,5.2],[119.1,5.1],[118.9,5.0],[118.7,5.0],[118.6,5.0],[118.4,5.0],[118.3,5.0],[118.3,5.0],[118.2,4.8],[118.3,4.7],[118.6,4.5],[118.6,4.5],[118.6,4.4],[118.5,4.4],[118.5,4.4],[118.4,4.3],[118.2,4.3],[118.1,4.3],[118.0,4.3],[117.9,4.3],[117.7,4.3],[117.7,4.3],[117.6,4.3],[117.6,4.2],[117.6,4.2]]],[[[104.2,2.7],[104.2,2.7],[104.1,2.7],[104.1,2.8],[104.2,2.9],[104.2,2.9],[104.2,2.8],[104.2,2.7]]],[[[100.3,5.3],[100.3,5.3],[100.2,5.3],[100.2,5.4],[100.2,5.5],[100.3,5.4],[100.3,5.4],[100.3,5.3]]],[[[99.8,6.5],[99.9,6.4],[99.9,6.3],[99.9,6.3],[99.8,6.3],[99.8,6.3],[99.7,6.3],[99.7,6.3],[99.7,6.4],[99.6,6.4],[99.7,6.4],[99.7,6.4],[99.8,6.4],[99.8,6.5]]],[[[117.1,7.2],[117.1,7.1],[117.1,7.2],[117.1,7.3],[117.1,7.3],[117.3,7.4],[117.3,7.3],[117.3,7.2],[117.2,7.2],[117.1,7.2]]],[[[101.3,3.0],[101.3,3.0],[101.3,3.0],[101.3,3.0],[101.3,3.1],[101.3,3.0],[101.3,3.0]]],[[[111.4,2.4],[111.4,2.4],[111.3,2.4],[111.3,2.7],[111.3,2.8],[111.4,2.8],[111.4,2.7],[111.4,2.6],[111.4,2.5],[111.4,2.4]]],[[[117.9,4.2],[117.7,4.2],[117.6,4.2],[117.7,4.2],[117.7,4.3],[117.7,4.3],[117.8,4.3],[117.9,4.2]]]]}},{"type":"Feature","properties":{"name":"China","iso":"CHN"},"geometry":{"type":"MultiPolygon","coordinates":[[[[118.2,24.5],[118.1,24.4],[118.1,24.4],[118.1,24.5],[118.1,24.5],[118.1,24.5],[118.1,24.6],[118.2,24.5],[118.2,24.5]]],[[[121.9,31.5],[121.8,31.5],[121.5,31.5],[121.3,31.6],[121.2,31.8],[121.2,31.8],[121.3,31.8],[121.5,31.8],[121.5,31.7],[121.5,31.7],[121.6,31.6],[121.8,31.6],[121.8,31.5],[121.9,31.5]]],[[[122.3,30.0],[122.3,29.9],[122.2,30.0],[122.0,30.0],[122.0,30.1],[122.0,30.1],[122.1,30.1],[122.3,30.1],[122.3,30.0],[122.3,30.0]]],[[[122.2,29.7],[122.2,29.7],[122.1,29.7],[122.0,29.7],[122.1,29.8],[122.1,29.8],[122.2,29.7],[122.2,29.7]]],[[[122.4,29.9],[122.4,29.8],[122.4,29.9],[122.3,29.9],[122.4,30.0],[122.4,30.0],[122.4,29.9]]],[[[119.8,25.5],[119.7,25.4],[119.7,25.4],[119.7,25.5],[119.7,25.6],[119.7,25.6],[119.7,25.6],[119.8,25.7],[119.8,25.6],[119.8,25.6],[119.8,25.6],[119.8,25.6],[119.8,25.5],[119.8,25.5],[119.8,25.5]]],[[[110.4,21.1],[110.4,21.1],[110.5,21.1],[110.5,21.0],[110.5,21.0],[110.5,21.0],[110.4,21.0],[110.3,21.0],[110.3,21.0],[110.3,21.0],[110.3,21.1],[110.4,21.1]]],[[[121.3,28.1],[121.2,28.1],[121.1,28.1],[121.1,28.1],[121.2,28.2],[121.2,28.2],[121.3,28.1],[121.3,28.1]]],[[[113.6,22.8],[113.6,22.8],[113.5,22.8],[113.5,22.8],[113.4,22.9],[113.4,22.9],[113.5,22.9],[113.5,22.9],[113.6,22.8]]],[[[112.8,21.6],[112.8,21.6],[112.7,21.6],[112.7,21.7],[112.7,21.7],[112.8,21.7],[112.8,21.8],[112.8,21.8],[112.9,21.8],[112.8,21.7],[112.8,21.7],[112.8,21.6]]],[[[112.6,21.6],[112.5,21.6],[112.5,21.6],[112.6,21.7],[112.6,21.7],[112.6,21.6]]],[[[108.0,21.5],[107.9,21.6],[107.8,21.6],[107.8,21.7],[107.6,21.6],[107.5,21.6],[107.4,21.6],[107.4,21.6],[107.3,21.7],[107.2,21.7],[107.1,21.8],[107.0,21.8],[107.0,21.9],[107.0,21.9],[106.9,21.9],[106.9,22.0],[106.8,22.0],[106.7,22.0],[106.7,22.0],[106.7,22.0],[106.7,22.0],[106.7,22.1],[106.7,22.2],[106.6,22.3],[106.6,22.3],[106.6,22.3],[106.5,22.4],[106.6,22.5],[106.6,22.6],[106.6,22.6],[106.7,22.6],[106.7,22.7],[106.8,22.8],[106.6,22.9],[106.5,22.9],[106.5,22.9],[106.3,22.9],[106.3,22.9],[106.2,22.9],[106.2,23.0],[106.1,23.0],[106.1,23.0],[106.0,23.0],[106.0,22.9],[105.9,22.9],[105.8,22.9],[105.8,23.0],[105.7,23.0],[105.5,23.1],[105.5,23.1],[105.5,23.2],[105.4,23.2],[105.4,23.3],[105.3,23.3],[105.2,23.3],[105.2,23.3],[105.0,23.2],[104.9,23.2],[104.9,23.1],[104.8,23.1],[104.8,23.0],[104.8,22.9],[104.7,22.9],[104.7,22.8],[104.6,22.8],[104.6,22.8],[104.5,22.8],[104.4,22.7],[104.3,22.7],[104.2,22.8],[104.2,22.8],[104.1,22.8],[104.1,22.8],[104.0,22.7],[104.0,22.6],[104.0,22.6],[103.9,22.5],[103.9,22.5],[103.6,22.8],[103.6,22.8],[103.6,22.7],[103.5,22.6],[103.5,22.6],[103.5,22.6],[103.4,22.8],[103.3,22.8],[103.3,22.8],[103.3,22.7],[103.2,22.6],[103.1,22.6],[103.1,22.5],[103.1,22.5],[103.0,22.5],[103.0,22.4],[102.9,22.5],[102.9,22.5],[102.8,22.6],[102.7,22.6],[102.6,22.7],[102.5,22.7],[102.5,22.8],[102.4,22.7],[102.4,22.7],[102.4,22.6],[102.3,22.5],[102.2,22.5],[102.2,22.4],[102.1,22.4],[102.1,22.4],[102.0,22.4],[101.9,22.4],[101.8,22.4],[101.8,22.5],[101.7,22.5],[101.7,22.5],[101.7,22.5],[101.6,22.4],[101.6,22.3],[101.6,22.3],[101.5,22.3],[101.5,22.2],[101.6,22.2],[101.6,22.1],[101.6,22.1],[101.6,22.0],[101.7,21.9],[101.7,21.8],[101.7,21.8],[101.7,21.6],[101.7,21.5],[101.7,21.4],[101.7,21.3],[101.8,21.3],[101.8,21.2],[101.8,21.2],[101.8,21.2],[101.7,21.2],[101.7,21.2],[101.7,21.2],[101.6,21.2],[101.6,21.2],[101.5,21.2],[101.4,21.2],[101.3,21.2],[101.2,21.2],[101.2,21.2],[101.2,21.3],[101.2,21.3],[101.2,21.4],[101.2,21.4],[101.2,21.5],[101.1,21.6],[101.1,21.6],[101.1,21.7],[101.1,21.7],[101.1,21.7],[101.1,21.8],[101.0,21.7],[100.8,21.7],[100.7,21.5],[100.6,21.5],[100.5,21.5],[100.4,21.5],[100.4,21.5],[100.2,21.5],[100.1,21.5],[100.1,21.5],[100.1,21.6],[100.1,21.6],[100.1,21.7],[100.0,21.7],[100.0,21.7],[99.9,21.8],[99.9,21.8],[99.9,21.9],[99.9,22.0],[99.9,22.0],[99.8,22.0],[99.6,22.1],[99.4,22.1],[99.3,22.1],[99.2,22.1],[99.2,22.1],[99.2,22.2],[99.2,22.2],[99.2,22.3],[99.2,22.4],[99.3,22.5],[99.3,22.6],[99.3,22.7],[99.4,22.8],[99.5,22.9],[99.5,23.0],[99.5,23.0],[99.5,23.0],[99.4,23.1],[99.3,23.1],[99.2,23.1],[99.1,23.1],[98.9,23.2],[98.9,23.3],[98.9,23.4],[98.9,23.4],[98.8,23.5],[98.8,23.5],[98.8,23.6],[98.8,23.7],[98.7,23.8],[98.7,23.8],[98.7,23.9],[98.7,24.0],[98.8,24.1],[98.8,24.1],[98.8,24.1],[98.8,24.1],[98.6,24.1],[98.6,24.1],[98.5,24.1],[98.4,24.1],[98.2,24.1],[98.0,24.1],[97.8,24.0],[97.8,23.9],[97.7,23.9],[97.6,23.9],[97.6,23.9],[97.6,24.0],[97.7,24.1],[97.7,24.2],[97.7,24.3],[97.7,24.4],[97.6,24.4],[97.6,24.4],[97.5,24.5],[97.5,24.6],[97.6,24.8],[97.7,24.8],[97.7,24.8],[97.7,24.9],[97.7,25.0],[97.7,25.0],[97.8,25.2],[97.8,25.3],[97.9,25.2],[98.0,25.3],[98.0,25.3],[98.1,25.3],[98.1,25.4],[98.1,25.6],[98.2,25.6],[98.3,25.6],[98.3,25.6],[98.4,25.7],[98.5,25.8],[98.6,25.8],[98.6,25.8],[98.7,25.9],[98.7,25.9],[98.6,26.0],[98.6,26.1],[98.6,26.1],[98.7,26.1],[98.7,26.2],[98.7,26.3],[98.7,26.4],[98.7,26.6],[98.7,26.7],[98.7,26.8],[98.7,26.9],[98.7,27.0],[98.7,27.2],[98.7,27.2],[98.7,27.4],[98.7,27.6],[98.6,27.6],[98.5,27.6],[98.5,27.7],[98.4,27.6],[98.4,27.6],[98.4,27.5],[98.3,27.6],[98.3,27.6],[98.2,27.7],[98.1,28.0],[98.1,28.1],[98.1,28.1],[98.1,28.2],[98.0,28.2],[97.9,28.3],[97.9,28.4],[97.9,28.4],[97.8,28.4],[97.8,28.4],[97.7,28.4],[97.7,28.5],[97.7,28.5],[97.6,28.5],[97.5,28.5],[97.5,28.5],[97.5,28.4],[97.4,28.4],[97.4,28.3],[97.3,28.2],[97.3,28.2],[97.1,28.3],[97.1,28.4],[97.0,28.3],[96.8,28.4],[96.8,28.4],[96.7,28.4],[96.6,28.5],[96.4,28.4],[96.4,28.4],[96.4,28.4],[96.3,28.4],[96.3,28.4],[96.3,28.4],[96.3,28.5],[96.3,28.5],[96.3,28.5],[96.4,28.6],[96.6,28.8],[96.5,28.8],[96.5,29.0],[96.5,29.0],[96.4,29.1],[96.3,29.0],[96.2,28.9],[96.1,28.9],[96.1,29.0],[96.1,29.1],[96.2,29.1],[96.3,29.2],[96.3,29.2],[96.4,29.2],[96.3,29.3],[96.2,29.2],[96.2,29.3],[96.1,29.4],[96.1,29.4],[96.0,29.4],[95.9,29.4],[95.7,29.3],[95.5,29.2],[95.5,29.2],[95.5,29.1],[95.5,29.1],[95.4,29.1],[95.4,29.0],[95.4,29.0],[95.3,29.0],[95.1,29.1],[95.0,29.1],[95.0,29.1],[94.8,29.2],[94.8,29.2],[94.7,29.3],[94.7,29.3],[94.6,29.3],[94.5,29.2],[94.3,29.1],[94.2,29.1],[94.1,29.0],[94.0,29.0],[94.0,28.9],[94.0,28.9],[93.9,28.8],[93.8,28.7],[93.7,28.7],[93.4,28.7],[93.3,28.6],[93.2,28.6],[93.2,28.5],[93.1,28.4],[93.0,28.3],[92.9,28.2],[92.7,28.1],[92.7,28.1],[92.6,28.1],[92.7,28.0],[92.7,28.0],[92.7,28.0],[92.7,27.9],[92.5,27.9],[92.5,27.8],[92.4,27.8],[92.3,27.8],[92.3,27.8],[92.3,27.8],[92.2,27.8],[92.2,27.8],[92.1,27.8],[92.0,27.7],[91.9,27.7],[91.8,27.7],[91.7,27.8],[91.6,27.8],[91.6,27.8],[91.6,27.9],[91.6,28.0],[91.5,28.0],[91.4,28.0],[91.3,28.1],[91.3,28.1],[91.2,28.1],[91.1,28.0],[91.1,28.0],[91.0,28.0],[91.0,28.0],[90.9,28.0],[90.7,28.1],[90.6,28.1],[90.5,28.1],[90.4,28.1],[90.3,28.1],[90.3,28.1],[90.4,28.2],[90.4,28.2],[90.3,28.2],[90.2,28.3],[90.1,28.3],[90.0,28.3],[89.9,28.3],[89.8,28.3],[89.7,28.2],[89.7,28.2],[89.5,28.1],[89.5,28.1],[89.4,28.0],[89.3,27.8],[89.2,27.7],[89.1,27.6],[89.0,27.5],[88.9,27.5],[88.9,27.3],[88.8,27.4],[88.8,27.4],[88.7,27.5],[88.8,27.8],[88.8,27.9],[88.8,27.9],[88.8,28.0],[88.8,28.0],[88.6,28.1],[88.6,28.1],[88.5,28.1],[88.5,28.0],[88.4,28.0],[88.3,28.0],[88.1,27.9],[88.1,27.9],[88.1,27.9],[88.1,27.9],[88.0,27.9],[87.9,27.9],[87.9,27.9],[87.7,27.8],[87.6,27.8],[87.6,27.8],[87.5,27.8],[87.3,27.8],[87.1,27.8],[87.0,27.9],[86.9,28.0],[86.8,28.0],[86.8,28.0],[86.7,28.1],[86.7,28.1],[86.6,28.1],[86.6,28.1],[86.5,28.0],[86.5,27.9],[86.4,27.9],[86.3,28.0],[86.2,28.0],[86.2,28.1],[86.1,28.1],[86.1,28.1],[86.1,28.0],[86.1,27.9],[86.0,27.9],[86.0,27.9],[85.9,28.0],[85.8,28.1],[85.8,28.2],[85.7,28.3],[85.4,28.3],[85.2,28.3],[85.1,28.3],[85.1,28.4],[85.1,28.5],[85.2,28.6],[85.2,28.6],[85.1,28.6],[85.1,28.6],[84.9,28.6],[84.8,28.6],[84.8,28.6],[84.7,28.6],[84.7,28.6],[84.7,28.7],[84.5,28.8],[84.4,28.8],[84.3,28.9],[84.2,28.9],[84.2,29.0],[84.1,29.2],[84.1,29.2],[84.0,29.3],[83.9,29.3],[83.8,29.2],[83.7,29.2],[83.6,29.2],[83.5,29.3],[83.4,29.4],[83.2,29.6],[83.2,29.6],[83.0,29.6],[82.9,29.7],[82.6,29.8],[82.5,29.9],[82.2,30.1],[82.2,30.1],[82.1,30.2],[82.1,30.2],[82.0,30.3],[81.9,30.4],[81.6,30.4],[81.4,30.3],[81.3,30.1],[81.2,30.0],[81.1,30.0],[81.1,30.1],[81.0,30.2],[81.0,30.2],[80.9,30.3],[80.7,30.4],[80.7,30.4],[80.6,30.4],[80.5,30.5],[80.4,30.5],[80.3,30.6],[80.2,30.6],[80.2,30.6],[80.2,30.7],[80.2,30.8],[80.1,30.8],[80.1,30.8],[79.9,30.9],[79.9,30.9],[79.9,30.9],[79.9,30.9],[79.8,31.0],[79.7,31.0],[79.6,30.9],[79.5,31.0],[79.4,31.1],[79.4,31.1],[79.3,31.1],[79.2,31.2],[79.1,31.4],[79.0,31.4],[79.0,31.4],[79.0,31.3],[78.9,31.3],[78.9,31.3],[78.8,31.3],[78.8,31.3],[78.8,31.3],[78.7,31.3],[78.8,31.4],[78.7,31.5],[78.8,31.6],[78.8,31.6],[78.8,31.7],[78.7,31.7],[78.7,31.8],[78.7,31.9],[78.7,32.0],[78.7,32.0],[78.7,32.0],[78.5,32.2],[78.5,32.2],[78.5,32.3],[78.4,32.4],[78.4,32.5],[78.4,32.5],[78.4,32.5],[78.4,32.6],[78.5,32.6],[78.6,32.6],[78.7,32.6],[78.7,32.6],[78.8,32.5],[78.8,32.5],[78.8,32.4],[78.9,32.4],[79.0,32.4],[79.1,32.4],[79.1,32.5],[79.2,32.5],[79.2,32.5],[79.2,32.5],[79.2,32.6],[79.2,32.7],[79.2,32.8],[79.2,32.8],[79.2,32.9],[79.2,32.9],[79.1,33.0],[79.1,33.0],[79.1,33.1],[79.1,33.1],[79.1,33.2],[79.1,33.2],[79.1,33.3],[79.0,33.3],[78.9,33.3],[78.9,33.4],[78.9,33.4],[78.8,33.5],[78.8,33.7],[78.8,33.8],[78.8,33.9],[78.7,34.0],[78.7,34.1],[78.8,34.1],[78.9,34.2],[79.0,34.2],[79.0,34.3],[79.0,34.3],[78.9,34.4],[78.9,34.4],[78.8,34.5],[78.7,34.5],[78.5,34.6],[78.3,34.6],[78.3,34.7],[78.2,34.8],[78.2,34.9],[78.1,35.1],[78.0,35.3],[78.0,35.3],[78.0,35.4],[78.0,35.5],[78.0,35.5],[77.9,35.5],[77.9,35.4],[77.9,35.5],[77.8,35.5],[77.8,35.5],[77.8,35.5],[77.7,35.5],[77.6,35.5],[77.5,35.5],[77.4,35.5],[77.3,35.5],[77.1,35.6],[76.9,35.6],[76.8,35.7],[76.7,35.7],[76.6,35.7],[76.6,35.8],[76.6,35.9],[76.5,35.9],[76.4,35.8],[76.3,35.8],[76.2,35.8],[76.1,35.8],[76.1,35.9],[76.1,36.0],[76.0,36.0],[75.9,36.0],[75.9,36.0],[75.9,36.1],[75.9,36.1],[76.0,36.2],[76.0,36.4],[76.0,36.5],[75.9,36.5],[75.9,36.6],[75.8,36.6],[75.8,36.7],[75.7,36.7],[75.6,36.8],[75.5,36.7],[75.4,36.7],[75.4,36.9],[75.3,36.9],[75.1,37.0],[75.1,37.0],[74.9,37.0],[74.9,37.0],[74.8,37.0],[74.8,37.0],[74.7,37.0],[74.6,37.0],[74.5,37.0],[74.5,37.0],[74.5,37.1],[74.4,37.1],[74.4,37.2],[74.6,37.2],[74.7,37.3],[74.7,37.3],[74.7,37.3],[74.8,37.2],[74.8,37.2],[74.9,37.2],[74.9,37.2],[75.0,37.3],[75.1,37.3],[75.1,37.4],[75.1,37.5],[75.0,37.5],[74.9,37.6],[74.9,37.6],[74.9,37.7],[74.9,37.8],[74.9,37.8],[74.9,37.8],[74.9,37.9],[74.8,38.0],[74.8,38.1],[74.8,38.2],[74.8,38.3],[74.8,38.4],[74.8,38.5],[74.7,38.5],[74.5,38.6],[74.3,38.7],[74.2,38.7],[74.1,38.7],[74.1,38.6],[74.0,38.5],[74.0,38.5],[73.9,38.6],[73.8,38.6],[73.8,38.7],[73.7,38.8],[73.7,38.9],[73.7,38.9],[73.7,38.9],[73.8,38.9],[73.8,39.0],[73.8,39.0],[73.7,39.0],[73.7,39.1],[73.6,39.2],[73.6,39.3],[73.6,39.4],[73.6,39.4],[73.7,39.5],[73.8,39.5],[73.9,39.5],[73.9,39.6],[73.9,39.6],[73.9,39.7],[73.8,39.8],[73.8,39.8],[73.9,39.8],[73.9,39.9],[73.9,40.0],[74.0,40.0],[74.0,40.1],[74.1,40.1],[74.2,40.1],[74.4,40.1],[74.6,40.3],[74.7,40.3],[74.8,40.3],[74.8,40.3],[74.8,40.3],[74.8,40.4],[74.8,40.5],[74.8,40.5],[74.9,40.5],[75.0,40.4],[75.1,40.5],[75.2,40.5],[75.5,40.6],[75.6,40.6],[75.6,40.6],[75.6,40.5],[75.7,40.3],[75.7,40.3],[75.9,40.3],[76.0,40.4],[76.1,40.4],[76.2,40.4],[76.2,40.4],[76.3,40.4],[76.3,40.4],[76.4,40.4],[76.5,40.4],[76.5,40.5],[76.6,40.6],[76.6,40.7],[76.6,40.7],[76.7,40.8],[76.7,40.8],[76.8,41.0],[76.9,41.0],[77.0,41.0],[77.2,41.0],[77.3,41.0],[77.6,41.0],[77.7,41.0],[77.8,41.1],[78.0,41.1],[78.1,41.1],[78.3,41.3],[78.3,41.3],[78.4,41.4],[78.4,41.4],[78.5,41.5],[78.7,41.6],[79.1,41.7],[79.3,41.8],[79.4,41.8],[79.5,41.8],[79.8,41.9],[79.8,42.0],[79.9,42.0],[80.2,42.0],[80.2,42.0],[80.2,42.1],[80.2,42.1],[80.2,42.2],[80.2,42.2],[80.3,42.2],[80.3,42.3],[80.2,42.4],[80.2,42.5],[80.2,42.6],[80.2,42.7],[80.2,42.7],[80.3,42.8],[80.4,42.9],[80.5,42.9],[80.5,42.9],[80.5,42.9],[80.4,43.0],[80.4,43.0],[80.4,43.0],[80.4,43.0],[80.5,43.1],[80.6,43.1],[80.8,43.1],[80.8,43.1],[80.8,43.2],[80.8,43.2],[80.7,43.3],[80.7,43.3],[80.7,43.4],[80.7,43.4],[80.7,43.6],[80.6,43.7],[80.5,43.9],[80.4,44.0],[80.4,44.0],[80.4,44.1],[80.4,44.2],[80.4,44.2],[80.4,44.3],[80.3,44.4],[80.4,44.6],[80.4,44.6],[80.4,44.7],[80.4,44.7],[80.5,44.7],[80.5,44.7],[80.5,44.7],[80.4,44.8],[80.3,44.8],[80.1,44.8],[80.0,44.8],[79.9,44.8],[79.9,44.9],[79.9,44.9],[80.0,44.9],[80.1,45.0],[80.2,45.0],[80.4,45.1],[80.5,45.1],[80.6,45.1],[80.8,45.1],[80.9,45.1],[81.0,45.2],[81.3,45.2],[81.6,45.3],[81.7,45.3],[81.8,45.3],[81.8,45.2],[81.9,45.2],[81.9,45.2],[82.0,45.2],[82.1,45.2],[82.3,45.2],[82.3,45.2],[82.4,45.2],[82.5,45.1],[82.5,45.1],[82.6,45.2],[82.6,45.2],[82.6,45.3],[82.6,45.4],[82.6,45.4],[82.6,45.4],[82.5,45.5],[82.3,45.5],[82.3,45.6],[82.3,45.6],[82.3,45.7],[82.4,45.8],[82.5,46.0],[82.6,46.2],[82.7,46.4],[82.8,46.6],[83.0,47.0],[83.0,47.0],[83.0,47.1],[83.0,47.2],[83.1,47.2],[83.2,47.2],[83.4,47.1],[83.6,47.0],[83.7,47.0],[83.8,47.0],[84.0,47.0],[84.1,47.0],[84.2,47.0],[84.3,47.0],[84.5,47.0],[84.6,47.0],[84.7,47.0],[84.7,46.9],[84.7,46.9],[84.8,46.8],[84.9,46.8],[85.0,46.9],[85.1,47.0],[85.2,47.0],[85.4,47.0],[85.5,47.1],[85.5,47.1],[85.6,47.2],[85.7,47.3],[85.7,47.3],[85.6,47.4],[85.6,47.5],[85.6,47.6],[85.6,47.7],[85.5,47.9],[85.6,48.1],[85.6,48.2],[85.7,48.3],[85.7,48.3],[85.7,48.4],[85.8,48.4],[86.1,48.4],[86.3,48.5],[86.4,48.5],[86.5,48.5],[86.5,48.5],[86.7,48.6],[86.7,48.7],[86.8,48.9],[86.7,48.9],[86.8,49.0],[86.8,49.0],[86.9,49.1],[86.9,49.1],[87.0,49.1],[87.2,49.1],[87.3,49.1],[87.4,49.1],[87.5,49.1],[87.5,49.1],[87.6,49.1],[87.7,49.1],[87.8,49.2],[87.8,49.2],[87.8,49.1],[87.8,49.1],[87.8,49.0],[87.9,49.0],[87.9,49.0],[87.8,48.9],[87.8,48.9],[87.7,48.9],[87.8,48.8],[87.8,48.8],[87.9,48.8],[88.0,48.7],[88.1,48.7],[88.1,48.7],[88.0,48.6],[88.0,48.6],[88.0,48.6],[88.0,48.6],[88.1,48.5],[88.2,48.5],[88.3,48.5],[88.4,48.4],[88.5,48.4],[88.6,48.3],[88.6,48.2],[88.7,48.2],[88.8,48.1],[88.9,48.1],[89.0,48.0],[89.0,48.0],[89.1,48.0],[89.2,48.0],[89.3,48.0],[89.5,48.0],[89.6,48.0],[89.6,47.9],[89.7,47.9],[89.7,47.9],[89.8,47.8],[89.8,47.8],[89.9,47.8],[90.0,47.9],[90.0,47.9],[90.1,47.9],[90.1,47.8],[90.1,47.7],[90.2,47.7],[90.3,47.7],[90.3,47.7],[90.3,47.6],[90.4,47.6],[90.4,47.5],[90.5,47.4],[90.5,47.3],[90.5,47.3],[90.6,47.2],[90.6,47.1],[90.7,47.0],[90.8,47.0],[90.9,47.0],[90.9,46.9],[91.0,46.7],[91.0,46.7],[91.0,46.6],[91.0,46.6],[91.0,46.5],[91.0,46.4],[90.9,46.3],[90.9,46.3],[90.9,46.2],[91.0,46.1],[91.0,46.0],[91.0,46.0],[90.9,45.9],[90.9,45.9],[90.8,45.9],[90.7,45.7],[90.7,45.6],[90.7,45.5],[90.7,45.5],[90.7,45.4],[90.8,45.4],[90.9,45.3],[90.9,45.2],[90.9,45.2],[91.0,45.2],[91.0,45.2],[91.1,45.2],[91.2,45.1],[91.3,45.1],[91.4,45.1],[91.5,45.1],[91.6,45.1],[91.7,45.1],[91.9,45.1],[92.0,45.1],[92.2,45.0],[92.4,45.0],[92.6,45.0],[92.8,45.0],[92.9,45.0],[93.3,45.0],[93.5,44.9],[93.7,44.9],[93.8,44.8],[93.9,44.7],[94.0,44.7],[94.2,44.6],[94.4,44.5],[94.5,44.5],[94.7,44.4],[94.9,44.3],[95.0,44.3],[95.4,44.3],[95.4,44.3],[95.3,44.2],[95.3,44.1],[95.3,44.0],[95.4,44.0],[95.5,44.0],[95.5,44.0],[95.6,43.9],[95.6,43.9],[95.7,43.7],[95.8,43.4],[95.9,43.3],[95.9,43.2],[96.1,43.1],[96.2,43.0],[96.3,42.9],[96.3,42.8],[96.4,42.7],[96.4,42.7],[96.6,42.7],[96.8,42.8],[97.2,42.8],[97.7,42.7],[98.2,42.7],[98.7,42.6],[98.9,42.6],[99.5,42.6],[99.8,42.6],[100.0,42.7],[100.1,42.7],[100.5,42.6],[100.8,42.6],[101.1,42.6],[101.3,42.5],[101.5,42.5],[101.6,42.5],[101.7,42.5],[101.7,42.5],[101.9,42.3],[102.0,42.2],[102.2,42.2],[102.6,42.1],[102.8,42.1],[103.1,42.0],[103.2,41.9],[103.4,41.9],[103.7,41.8],[104.0,41.8],[104.3,41.8],[104.5,41.9],[104.5,41.7],[104.8,41.6],[104.9,41.6],[105.0,41.6],[105.1,41.6],[105.1,41.7],[105.2,41.7],[105.3,41.8],[105.5,41.9],[105.6,41.9],[105.9,42.0],[106.3,42.1],[106.5,42.2],[106.6,42.2],[106.7,42.3],[106.8,42.3],[106.9,42.3],[107.1,42.3],[107.3,42.3],[107.7,42.4],[107.8,42.4],[108.1,42.4],[108.2,42.4],[108.3,42.4],[108.5,42.4],[108.7,42.4],[108.9,42.4],[109.1,42.4],[109.3,42.4],[109.4,42.5],[109.6,42.5],[109.7,42.6],[109.9,42.6],[110.1,42.7],[110.2,42.7],[110.3,42.7],[110.4,42.8],[110.4,42.8],[110.5,42.8],[110.5,42.9],[110.6,43.0],[110.7,43.1],[110.7,43.1],[110.8,43.2],[110.9,43.3],[111.0,43.3],[111.1,43.4],[111.2,43.4],[111.5,43.5],[111.5,43.5],[111.5,43.5],[111.6,43.6],[111.7,43.6],[111.8,43.7],[111.9,43.7],[111.9,43.7],[111.9,43.8],[111.9,43.8],[111.9,43.9],[111.8,43.9],[111.7,44.0],[111.6,44.1],[111.5,44.2],[111.5,44.3],[111.4,44.3],[111.4,44.4],[111.4,44.4],[111.5,44.5],[111.5,44.6],[111.5,44.7],[111.6,44.8],[111.7,44.9],[111.8,45.0],[111.9,45.1],[112.0,45.1],[112.1,45.1],[112.3,45.1],[112.4,45.1],[112.5,45.0],[112.6,44.9],[112.7,44.9],[113.0,44.8],[113.2,44.8],[113.3,44.8],[113.5,44.8],[113.5,44.8],[113.6,44.7],[113.7,44.8],[113.8,44.8],[113.9,44.9],[113.9,44.9],[114.0,44.9],[114.1,45.0],[114.2,45.0],[114.3,45.1],[114.4,45.2],[114.5,45.3],[114.5,45.3],[114.5,45.4],[114.6,45.4],[114.6,45.4],[114.7,45.4],[114.9,45.4],[115.2,45.4],[115.2,45.4],[115.4,45.4],[115.5,45.4],[115.7,45.5],[115.8,45.5],[115.9,45.6],[116.0,45.7],[116.1,45.7],[116.2,45.7],[116.2,45.8],[116.2,45.8],[116.2,45.9],[116.3,46.0],[116.4,46.1],[116.4,46.2],[116.5,46.2],[116.6,46.3],[116.6,46.3],[116.7,46.3],[116.8,46.4],[116.9,46.4],[117.0,46.4],[117.2,46.4],[117.3,46.4],[117.3,46.4],[117.4,46.4],[117.4,46.4],[117.4,46.5],[117.4,46.6],[117.4,46.6],[117.5,46.6],[117.6,46.6],[117.7,46.5],[117.7,46.5],[117.8,46.5],[117.9,46.6],[118.1,46.7],[118.2,46.7],[118.3,46.7],[118.4,46.7],[118.6,46.7],[118.6,46.7],[118.7,46.7],[118.8,46.7],[118.8,46.8],[119.0,46.7],[119.0,46.7],[119.2,46.6],[119.3,46.6],[119.5,46.6],[119.6,46.6],[119.7,46.6],[119.7,46.6],[119.9,46.7],[119.9,46.7],[119.9,46.8],[119.9,46.9],[119.9,46.9],[119.8,47.0],[119.8,47.0],[119.8,47.1],[119.7,47.1],[119.6,47.2],[119.5,47.3],[119.4,47.4],[119.3,47.4],[119.3,47.4],[119.3,47.5],[119.2,47.5],[119.2,47.5],[119.1,47.6],[119.1,47.6],[119.1,47.7],[119.0,47.7],[119.0,47.7],[118.9,47.7],[118.8,47.8],[118.7,47.8],[118.6,47.9],[118.5,48.0],[118.2,48.0],[118.1,48.0],[118.0,48.0],[118.0,48.0],[117.8,48.0],[117.8,48.0],[117.7,47.9],[117.6,47.8],[117.5,47.7],[117.4,47.7],[117.4,47.7],[117.3,47.7],[117.2,47.7],[117.1,47.8],[117.0,47.8],[116.9,47.9],[116.8,47.9],[116.7,47.9],[116.5,47.8],[116.4,47.8],[116.3,47.9],[116.2,47.9],[116.1,47.8],[116.0,47.7],[115.9,47.7],[115.8,47.7],[115.7,47.8],[115.6,47.9],[115.6,47.9],[115.5,48.1],[115.6,48.2],[115.8,48.2],[115.8,48.3],[115.8,48.5],[115.8,48.6],[116.0,48.7],[116.0,48.8],[116.0,48.8],[116.1,48.9],[116.2,49.0],[116.2,49.2],[116.4,49.4],[116.6,49.7],[116.7,49.8],[116.9,49.7],[117.0,49.7],[117.2,49.6],[117.5,49.6],[117.7,49.5],[117.8,49.5],[117.9,49.5],[118.2,49.7],[118.5,49.8],[118.8,50.0],[119.0,50.0],[119.1,50.0],[119.3,50.1],[119.3,50.2],[119.3,50.3],[119.3,50.4],[119.2,50.4],[119.2,50.4],[119.2,50.4],[119.3,50.5],[119.3,50.6],[119.3,50.6],[119.4,50.7],[119.5,50.8],[119.5,50.9],[119.6,50.9],[119.7,51.0],[119.7,51.1],[119.8,51.2],[119.8,51.3],[120.0,51.4],[120.1,51.6],[120.2,51.7],[120.5,51.8],[120.7,52.0],[120.7,52.1],[120.7,52.2],[120.7,52.3],[120.7,52.4],[120.7,52.5],[120.7,52.6],[120.5,52.6],[120.4,52.6],[120.2,52.6],[120.1,52.6],[120.0,52.7],[120.1,52.8],[120.2,52.8],[120.4,53.0],[120.7,53.2],[121.0,53.3],[121.4,53.3],[121.7,53.4],[122.1,53.5],[122.3,53.5],[122.4,53.5],[122.5,53.5],[122.7,53.5],[123.0,53.5],[123.2,53.5],[123.3,53.6],[123.4,53.5],[123.5,53.5],[123.5,53.5],[123.6,53.5],[123.6,53.5],[123.7,53.5],[124.0,53.4],[124.2,53.4],[124.2,53.4],[124.3,53.3],[124.4,53.3],[124.5,53.2],[124.6,53.2],[124.8,53.1],[124.9,53.1],[124.9,53.2],[125.0,53.2],[125.1,53.2],[125.2,53.2],[125.4,53.1],[125.5,53.0],[125.6,53.1],[125.6,53.0],[125.7,53.0],[125.7,53.0],[125.7,52.9],[125.7,52.9],[125.8,52.9],[125.9,52.9],[125.9,52.8],[126.0,52.8],[126.0,52.7],[126.1,52.7],[126.1,52.7],[126.0,52.7],[126.0,52.6],[126.0,52.6],[126.0,52.6],[126.2,52.5],[126.2,52.5],[126.2,52.5],[126.2,52.4],[126.3,52.4],[126.3,52.4],[126.3,52.3],[126.3,52.3],[126.4,52.3],[126.4,52.2],[126.4,52.2],[126.5,52.1],[126.5,52.0],[126.5,51.9],[126.7,51.8],[126.7,51.7],[126.7,51.6],[126.7,51.6],[126.8,51.5],[126.8,51.5],[126.8,51.4],[126.8,51.4],[126.8,51.4],[126.8,51.3],[126.9,51.3],[126.9,51.2],[126.9,51.2],[126.9,51.1],[127.0,51.0],[127.2,50.8],[127.3,50.7],[127.3,50.6],[127.3,50.6],[127.3,50.5],[127.3,50.5],[127.3,50.4],[127.4,50.4],[127.3,50.4],[127.4,50.3],[127.6,50.2],[127.5,50.1],[127.5,50.0],[127.5,49.9],[127.6,49.8],[127.6,49.8],[127.7,49.7],[127.7,49.7],[127.8,49.6],[128.0,49.6],[128.2,49.6],[128.5,49.6],[128.7,49.6],[128.8,49.6],[128.8,49.5],[128.8,49.5],[128.8,49.5],[128.9,49.4],[129.0,49.4],[129.1,49.4],[129.1,49.4],[129.2,49.4],[129.2,49.4],[129.3,49.4],[129.4,49.4],[129.4,49.4],[129.4,49.4],[129.5,49.4],[129.5,49.3],[129.6,49.3],[129.7,49.3],[129.8,49.2],[130.0,49.0],[130.2,48.9],[130.4,48.9],[130.6,48.9],[130.6,48.8],[130.6,48.7],[130.6,48.6],[130.6,48.6],[130.7,48.5],[130.7,48.4],[130.8,48.4],[130.8,48.3],[130.8,48.3],[130.7,48.1],[130.7,48.0],[130.8,47.9],[130.9,47.8],[130.9,47.8],[131.0,47.7],[131.0,47.7],[131.1,47.7],[131.3,47.7],[131.5,47.7],[131.6,47.7],[131.8,47.7],[132.1,47.7],[132.4,47.7],[132.5,47.7],[132.6,47.8],[132.6,47.9],[132.7,47.9],[132.8,47.9],[132.9,48.0],[133.0,48.1],[133.1,48.1],[133.3,48.1],[133.5,48.1],[133.6,48.1],[133.7,48.2],[133.8,48.3],[134.2,48.4],[134.3,48.4],[134.3,48.4],[134.5,48.4],[134.6,48.3],[134.7,48.3],[134.7,48.2],[134.7,48.2],[134.6,48.1],[134.6,48.1],[134.6,48.0],[134.6,48.0],[134.7,47.9],[134.7,47.8],[134.8,47.7],[134.7,47.7],[134.7,47.6],[134.6,47.5],[134.5,47.5],[134.5,47.4],[134.4,47.4],[134.3,47.4],[134.3,47.4],[134.3,47.4],[134.2,47.4],[134.2,47.3],[134.2,47.3],[134.2,47.2],[134.2,47.1],[134.1,47.1],[134.1,47.0],[134.1,47.0],[134.0,46.9],[134.0,46.9],[134.0,46.7],[134.0,46.6],[133.9,46.5],[133.9,46.4],[133.9,46.4],[133.9,46.3],[133.9,46.3],[133.9,46.2],[133.8,46.2],[133.8,46.2],[133.7,46.1],[133.7,46.1],[133.7,46.0],[133.6,46.0],[133.6,45.9],[133.6,45.9],[133.5,45.9],[133.5,45.8],[133.5,45.8],[133.4,45.7],[133.5,45.7],[133.4,45.6],[133.4,45.6],[133.3,45.6],[133.3,45.5],[133.2,45.5],[133.1,45.3],[133.1,45.2],[133.1,45.1],[133.0,45.1],[132.9,45.0],[132.9,45.0],[132.8,45.1],[132.7,45.1],[132.7,45.1],[132.5,45.1],[132.4,45.2],[132.2,45.2],[132.1,45.2],[132.0,45.2],[131.9,45.3],[131.9,45.3],[131.8,45.3],[131.7,45.2],[131.7,45.2],[131.6,45.1],[131.6,45.1],[131.5,45.0],[131.4,45.0],[131.3,44.9],[131.2,44.9],[131.1,44.9],[131.0,44.9],[131.0,44.8],[131.0,44.8],[131.0,44.8],[131.1,44.7],[131.1,44.6],[131.1,44.5],[131.3,44.1],[131.2,44.0],[131.2,43.7],[131.2,43.7],[131.2,43.6],[131.2,43.5],[131.2,43.5],[131.2,43.5],[131.3,43.4],[131.3,43.4],[131.2,43.3],[131.2,43.3],[131.2,43.1],[131.1,43.1],[131.1,43.1],[131.1,43.0],[131.1,43.0],[131.1,42.9],[131.0,42.9],[130.9,42.9],[130.9,42.9],[130.8,42.9],[130.7,42.8],[130.6,42.8],[130.5,42.8],[130.5,42.8],[130.4,42.7],[130.4,42.7],[130.4,42.7],[130.5,42.7],[130.6,42.6],[130.6,42.6],[130.5,42.5],[130.5,42.6],[130.5,42.6],[130.4,42.6],[130.3,42.7],[130.2,42.7],[130.2,42.9],[130.2,42.9],[130.2,42.9],[130.1,43.0],[130.1,43.0],[130.0,43.0],[130.0,43.0],[129.9,43.0],[129.9,43.0],[129.9,43.0],[129.8,42.9],[129.8,42.8],[129.8,42.7],[129.7,42.6],[129.7,42.5],[129.7,42.4],[129.6,42.4],[129.6,42.4],[129.6,42.4],[129.5,42.4],[129.5,42.4],[129.4,42.4],[129.4,42.4],[129.3,42.4],[129.3,42.4],[129.2,42.3],[129.2,42.3],[129.2,42.2],[129.1,42.2],[129.1,42.1],[129.0,42.1],[128.9,42.0],[128.8,42.0],[128.7,42.0],[128.6,42.0],[128.4,42.0],[128.3,42.0],[128.2,42.0],[128.0,42.0],[128.0,42.0],[128.0,41.9],[128.1,41.9],[128.1,41.8],[128.1,41.8],[128.2,41.7],[128.3,41.7],[128.3,41.6],[128.3,41.6],[128.3,41.5],[128.2,41.4],[128.1,41.4],[128.1,41.4],[128.1,41.4],[128.0,41.4],[127.9,41.5],[127.7,41.4],[127.6,41.5],[127.5,41.5],[127.4,41.5],[127.3,41.5],[127.2,41.5],[127.1,41.6],[127.1,41.6],[127.1,41.6],[127.1,41.7],[127.0,41.7],[127.0,41.8],[126.9,41.8],[126.8,41.7],[126.8,41.7],[126.7,41.7],[126.7,41.7],[126.7,41.7],[126.6,41.6],[126.6,41.6],[126.5,41.5],[126.5,41.4],[126.5,41.4],[126.5,41.4],[126.4,41.3],[126.3,41.2],[126.3,41.1],[126.1,41.1],[126.1,41.0],[126.1,41.0],[126.0,40.9],[125.9,40.9],[125.8,40.9],[125.7,40.9],[125.7,40.8],[125.7,40.8],[125.6,40.8],[125.6,40.8],[125.5,40.7],[125.4,40.7],[125.3,40.6],[125.2,40.6],[125.1,40.5],[125.0,40.5],[125.0,40.5],[125.0,40.5],[124.9,40.5],[124.9,40.5],[124.8,40.4],[124.7,40.3],[124.5,40.2],[124.4,40.1],[124.4,40.0],[124.3,40.0],[124.3,39.9],[124.1,39.8],[123.8,39.8],[123.7,39.9],[123.6,39.8],[123.6,39.8],[123.5,39.8],[123.3,39.8],[123.3,39.7],[123.2,39.7],[123.0,39.7],[123.0,39.6],[122.8,39.6],[122.3,39.4],[122.2,39.3],[122.1,39.2],[122.0,39.1],[122.0,39.1],[121.9,39.0],[121.9,39.0],[121.8,39.0],[121.7,39.0],[121.7,39.0],[121.6,39.0],[121.7,38.9],[121.6,38.9],[121.5,38.8],[121.3,38.8],[121.2,38.8],[121.2,38.7],[121.2,38.7],[121.1,38.8],[121.1,38.9],[121.2,38.9],[121.3,39.0],[121.7,39.1],[121.6,39.2],[121.7,39.3],[121.8,39.3],[121.8,39.4],[121.8,39.4],[121.5,39.4],[121.4,39.4],[121.3,39.4],[121.3,39.5],[121.3,39.5],[121.3,39.5],[121.4,39.6],[121.5,39.6],[121.5,39.6],[121.5,39.7],[121.5,39.8],[121.5,39.8],[121.8,40.0],[121.9,40.0],[122.0,40.1],[122.2,40.4],[122.2,40.4],[122.3,40.5],[122.3,40.5],[122.2,40.6],[122.1,40.7],[121.9,40.8],[121.8,41.0],[121.8,41.0],[121.8,40.9],[121.7,40.8],[121.6,40.8],[121.5,40.9],[121.2,40.9],[121.1,40.8],[121.0,40.7],[120.9,40.7],[120.8,40.6],[120.8,40.6],[120.5,40.2],[120.4,40.2],[119.9,40.0],[119.6,39.9],[119.4,39.8],[119.3,39.7],[119.3,39.6],[119.2,39.4],[119.0,39.2],[119.0,39.2],[118.9,39.2],[118.8,39.2],[118.8,39.2],[118.6,39.2],[118.5,39.1],[118.3,39.1],[118.1,39.2],[118.0,39.2],[117.9,39.2],[117.8,39.1],[117.6,38.9],[117.6,38.7],[117.6,38.6],[117.7,38.4],[117.8,38.3],[118.0,38.2],[118.5,38.1],[118.7,38.1],[118.8,38.1],[118.9,38.0],[119.0,37.9],[119.0,37.8],[119.0,37.8],[119.1,37.7],[119.1,37.7],[119.0,37.7],[119.0,37.6],[119.0,37.5],[119.0,37.3],[119.0,37.3],[119.1,37.2],[119.3,37.1],[119.4,37.1],[119.8,37.2],[119.9,37.3],[119.9,37.3],[119.9,37.4],[120.2,37.5],[120.3,37.6],[120.3,37.7],[120.3,37.7],[120.3,37.7],[120.4,37.7],[120.8,37.8],[121.0,37.7],[121.2,37.6],[121.4,37.6],[121.5,37.5],[121.6,37.5],[121.8,37.5],[122.0,37.4],[122.0,37.5],[122.1,37.5],[122.1,37.5],[122.2,37.5],[122.3,37.4],[122.5,37.4],[122.6,37.4],[122.7,37.4],[122.6,37.3],[122.6,37.2],[122.5,37.1],[122.4,37.1],[122.5,37.0],[122.5,37.0],[122.5,36.9],[122.5,36.9],[122.3,36.8],[122.3,36.8],[122.2,36.8],[122.2,36.9],[122.2,36.9],[122.2,37.0],[122.0,37.0],[121.9,37.0],[121.7,36.8],[121.4,36.7],[121.1,36.7],[121.1,36.6],[121.0,36.6],[120.9,36.6],[120.8,36.6],[120.8,36.6],[120.9,36.5],[120.9,36.5],[120.9,36.4],[120.8,36.4],[120.8,36.5],[120.7,36.4],[120.7,36.3],[120.7,36.2],[120.6,36.1],[120.5,36.1],[120.4,36.1],[120.3,36.1],[120.3,36.1],[120.3,36.2],[120.3,36.2],[120.3,36.2],[120.2,36.2],[120.1,36.2],[120.1,36.1],[120.2,36.0],[120.3,36.0],[120.3,36.0],[120.2,35.9],[120.1,35.9],[120.0,35.8],[120.0,35.7],[119.9,35.7],[119.9,35.6],[119.8,35.6],[119.7,35.6],[119.6,35.5],[119.5,35.4],[119.4,35.3],[119.4,35.1],[119.2,35.0],[119.2,34.8],[119.2,34.7],[119.4,34.7],[119.4,34.7],[119.6,34.6],[119.8,34.5],[120.0,34.4],[120.2,34.3],[120.3,34.3],[120.3,34.2],[120.4,33.9],[120.5,33.7],[120.5,33.6],[120.6,33.5],[120.7,33.2],[120.9,33.0],[120.9,32.8],[120.9,32.8],[120.9,32.7],[121.0,32.6],[121.3,32.5],[121.3,32.4],[121.4,32.4],[121.4,32.2],[121.5,32.2],[121.5,32.1],[121.7,32.1],[121.8,32.0],[121.8,31.9],[121.9,31.8],[121.9,31.7],[121.8,31.7],[121.7,31.7],[121.4,31.9],[121.3,31.9],[121.1,31.8],[121.0,31.9],[120.8,32.0],[120.7,32.1],[120.5,32.1],[120.2,32.0],[120.1,32.0],[120.1,32.0],[120.0,31.9],[120.2,31.9],[120.3,32.0],[120.5,32.0],[120.7,32.0],[120.8,31.9],[120.8,31.8],[120.9,31.8],[121.1,31.7],[121.2,31.6],[121.4,31.5],[121.7,31.3],[121.8,31.2],[121.8,31.1],[121.9,30.9],[121.8,30.9],[121.7,30.9],[121.5,30.8],[121.4,30.8],[121.3,30.7],[121.0,30.6],[120.9,30.5],[120.9,30.4],[120.8,30.4],[120.6,30.4],[120.4,30.4],[120.2,30.3],[120.2,30.2],[120.2,30.2],[120.3,30.3],[120.4,30.2],[120.5,30.3],[120.6,30.1],[120.9,30.2],[121.2,30.3],[121.3,30.3],[121.3,30.3],[121.4,30.2],[121.7,30.0],[121.8,30.0],[121.9,29.9],[122.0,29.9],[122.1,29.9],[121.9,29.8],[121.7,29.6],[121.6,29.5],[121.5,29.5],[121.7,29.5],[121.8,29.6],[121.9,29.6],[121.9,29.6],[122.0,29.5],[121.9,29.1],[121.9,29.1],[121.8,29.2],[121.7,29.3],[121.7,29.2],[121.5,29.2],[121.5,29.2],[121.4,29.1],[121.5,29.1],[121.7,29.0],[121.7,29.0],[121.6,28.9],[121.5,28.9],[121.7,28.9],[121.6,28.8],[121.6,28.7],[121.5,28.7],[121.5,28.6],[121.5,28.5],[121.6,28.4],[121.6,28.3],[121.5,28.3],[121.4,28.2],[121.3,28.2],[121.2,28.3],[121.1,28.3],[121.1,28.3],[121.0,28.2],[121.0,28.0],[120.9,28.0],[120.8,28.0],[120.7,28.0],[120.8,28.0],[120.8,27.9],[120.8,27.9],[120.7,27.7],[120.7,27.7],[120.7,27.6],[120.6,27.6],[120.6,27.5],[120.6,27.4],[120.5,27.3],[120.5,27.3],[120.4,27.2],[120.3,27.1],[120.1,26.9],[120.1,26.8],[120.1,26.7],[120.0,26.6],[120.0,26.6],[119.9,26.6],[119.9,26.7],[119.8,26.7],[119.8,26.7],[119.8,26.8],[119.8,26.8],[119.8,26.8],[119.8,26.8],[119.7,26.7],[119.7,26.7],[119.6,26.8],[119.6,26.7],[119.6,26.7],[119.6,26.6],[119.7,26.6],[119.8,26.5],[119.8,26.5],[119.8,26.4],[119.9,26.4],[119.9,26.3],[119.8,26.3],[119.7,26.2],[119.6,26.1],[119.5,26.1],[119.4,26.1],[119.3,26.1],[119.2,26.1],[119.1,26.1],[119.3,26.0],[119.3,25.9],[119.4,26.0],[119.5,26.0],[119.6,26.0],[119.6,25.9],[119.6,25.8],[119.6,25.7],[119.5,25.6],[119.6,25.4],[119.6,25.4],[119.6,25.4],[119.5,25.4],[119.4,25.5],[119.3,25.4],[119.3,25.5],[119.2,25.4],[119.1,25.4],[119.2,25.4],[119.2,25.3],[119.3,25.2],[119.2,25.2],[119.0,25.2],[119.0,25.2],[118.9,25.1],[119.0,25.0],[118.9,24.9],[118.8,24.9],[118.7,24.8],[118.6,24.8],[118.6,24.8],[118.7,24.8],[118.7,24.7],[118.7,24.6],[118.6,24.6],[118.4,24.6],[118.3,24.6],[118.2,24.6],[118.1,24.6],[118.0,24.6],[118.0,24.5],[117.9,24.5],[117.9,24.5],[117.8,24.5],[117.8,24.4],[117.9,24.4],[118.0,24.4],[118.1,24.3],[118.1,24.2],[117.9,24.1],[117.8,24.0],[117.7,24.0],[117.7,23.9],[117.6,23.8],[117.6,23.9],[117.5,23.8],[117.4,23.8],[117.5,23.8],[117.5,23.7],[117.4,23.6],[117.4,23.6],[117.3,23.6],[117.3,23.7],[117.3,23.7],[117.2,23.6],[117.1,23.6],[117.1,23.6],[117.0,23.6],[116.9,23.6],[116.9,23.5],[116.8,23.4],[116.7,23.4],[116.6,23.4],[116.7,23.3],[116.7,23.3],[116.7,23.2],[116.6,23.2],[116.5,23.2],[116.5,23.0],[116.5,22.9],[116.3,22.9],[116.3,23.0],[116.2,22.9],[116.2,22.9],[116.2,22.9],[116.1,22.9],[115.9,22.8],[115.8,22.8],[115.6,22.9],[115.6,22.8],[115.5,22.8],[115.5,22.7],[115.4,22.7],[115.3,22.8],[115.2,22.8],[115.1,22.8],[115.0,22.7],[114.9,22.7],[114.9,22.6],[114.9,22.6],[114.8,22.6],[114.7,22.7],[114.7,22.8],[114.6,22.7],[114.6,22.7],[114.5,22.6],[114.6,22.5],[114.5,22.5],[114.4,22.6],[114.3,22.6],[114.3,22.5],[114.2,22.6],[114.2,22.6],[114.1,22.6],[114.1,22.6],[114.1,22.5],[114.0,22.5],[114.0,22.5],[113.9,22.5],[113.8,22.6],[113.8,22.7],[113.7,22.8],[113.6,22.9],[113.6,23.0],[113.6,23.0],[113.6,23.1],[113.6,23.1],[113.5,23.1],[113.4,23.1],[113.5,23.0],[113.4,22.9],[113.3,22.9],[113.3,22.9],[113.3,22.9],[113.4,22.8],[113.4,22.7],[113.5,22.7],[113.6,22.6],[113.6,22.4],[113.6,22.4],[113.6,22.3],[113.5,22.2],[113.5,22.2],[113.5,22.2],[113.5,22.2],[113.5,22.2],[113.5,22.2],[113.5,22.2],[113.4,22.2],[113.4,22.2],[113.3,22.1],[113.3,22.1],[113.1,22.1],[113.1,22.2],[113.0,22.1],[113.0,21.9],[113.0,21.9],[112.9,21.9],[112.8,21.9],[112.7,21.9],[112.7,21.9],[112.6,21.8],[112.6,21.8],[112.5,21.8],[112.4,21.9],[112.4,21.9],[112.4,22.0],[112.4,22.0],[112.4,22.0],[112.4,21.9],[112.4,21.8],[112.4,21.8],[112.3,21.7],[112.2,21.8],[112.1,21.8],[112.0,21.8],[111.9,21.8],[111.9,21.8],[111.9,21.7],[111.8,21.7],[111.8,21.7],[111.7,21.7],[111.7,21.6],[111.6,21.6],[111.4,21.5],[111.3,21.5],[111.2,21.5],[111.1,21.5],[111.1,21.5],[111.1,21.5],[111.0,21.5],[111.0,21.4],[110.9,21.4],[110.8,21.4],[110.7,21.3],[110.6,21.2],[110.5,21.2],[110.5,21.2],[110.4,21.3],[110.4,21.3],[110.4,21.2],[110.4,21.2],[110.3,21.1],[110.2,21.0],[110.2,20.9],[110.2,20.9],[110.4,20.8],[110.4,20.8],[110.4,20.8],[110.3,20.7],[110.3,20.7],[110.5,20.5],[110.5,20.5],[110.5,20.4],[110.4,20.4],[110.3,20.3],[110.1,20.3],[109.9,20.3],[109.9,20.4],[109.9,20.4],[109.9,20.4],[110.0,20.4],[110.0,20.4],[109.9,20.5],[109.9,20.5],[109.8,20.6],[109.8,20.7],[109.8,20.8],[109.7,20.8],[109.7,20.9],[109.7,20.9],[109.7,21.1],[109.7,21.1],[109.8,21.2],[109.8,21.3],[109.9,21.4],[109.9,21.5],[109.8,21.5],[109.8,21.6],[109.7,21.5],[109.7,21.5],[109.6,21.7],[109.6,21.7],[109.5,21.7],[109.5,21.5],[109.4,21.5],[109.3,21.5],[109.2,21.4],[109.1,21.4],[109.1,21.4],[109.1,21.5],[109.1,21.5],[109.1,21.6],[109.0,21.6],[108.9,21.6],[108.8,21.6],[108.8,21.6],[108.7,21.7],[108.7,21.7],[108.6,21.8],[108.6,21.8],[108.6,21.9],[108.6,21.9],[108.5,21.9],[108.5,21.8],[108.5,21.7],[108.5,21.7],[108.5,21.6],[108.4,21.6],[108.4,21.7],[108.4,21.7],[108.3,21.7],[108.3,21.6],[108.2,21.6],[108.1,21.6],[108.1,21.5],[108.0,21.5]]],[[[110.9,20.0],[110.9,19.9],[111.0,19.9],[111.0,19.8],[111.0,19.7],[110.9,19.6],[110.8,19.6],[110.6,19.3],[110.6,19.2],[110.6,19.2],[110.6,19.1],[110.6,19.1],[110.5,19.0],[110.5,18.8],[110.5,18.7],[110.4,18.7],[110.3,18.7],[110.3,18.7],[110.3,18.7],[110.2,18.6],[110.0,18.5],[110.1,18.5],[110.1,18.4],[110.0,18.4],[110.0,18.4],[109.8,18.4],[109.8,18.3],[109.7,18.3],[109.7,18.2],[109.6,18.2],[109.5,18.2],[109.4,18.3],[109.3,18.3],[109.2,18.3],[109.0,18.4],[108.9,18.4],[108.7,18.5],[108.7,18.8],[108.6,18.9],[108.6,18.9],[108.7,19.3],[108.7,19.3],[108.7,19.3],[108.8,19.4],[108.9,19.5],[109.1,19.6],[109.2,19.7],[109.3,19.8],[109.2,19.8],[109.2,19.8],[109.2,19.8],[109.3,19.9],[109.3,19.9],[109.4,19.9],[109.5,19.9],[109.6,20.0],[109.7,20.0],[109.9,20.0],[110.1,20.0],[110.2,20.1],[110.2,20.1],[110.3,20.0],[110.4,20.0],[110.4,20.0],[110.4,20.1],[110.4,20.1],[110.6,20.0],[110.6,20.1],[110.6,20.1],[110.7,20.1],[110.7,20.1],[110.7,20.1],[110.8,20.0],[110.9,20.0]]]]}},{"type":"Feature","properties":{"name":"Macao S.A.R","iso":"MAC"},"geometry":{"type":"Polygon","coordinates":[[[113.5,22.2],[113.5,22.2],[113.5,22.2],[113.5,22.2],[113.5,22.2],[113.5,22.2],[113.5,22.2],[113.5,22.2],[113.5,22.2]]]}},{"type":"Feature","properties":{"name":"Hong Kong S.A.R.","iso":"HKG"},"geometry":{"type":"MultiPolygon","coordinates":[[[[114.0,22.5],[114.0,22.5],[114.1,22.5],[114.1,22.6],[114.1,22.6],[114.2,22.6],[114.2,22.6],[114.3,22.5],[114.3,22.5],[114.3,22.5],[114.3,22.5],[114.3,22.4],[114.3,22.4],[114.3,22.4],[114.3,22.3],[114.3,22.3],[114.1,22.3],[114.0,22.4],[113.9,22.4],[113.9,22.4],[113.9,22.4],[114.0,22.5],[114.0,22.5]]],[[[114.2,22.2],[114.2,22.2],[114.1,22.3],[114.1,22.3],[114.2,22.3],[114.2,22.3],[114.2,22.2],[114.2,22.2]]],[[[114.0,22.2],[113.9,22.2],[113.9,22.2],[113.8,22.2],[113.9,22.3],[114.0,22.3],[114.0,22.3],[114.0,22.2]]]]}}]}